-- phpMyAdmin SQL Dump
-- version 4.5.2
-- http://www.phpmyadmin.net
--
-- 主機: localhost
-- 產生時間： 2016 年 12 月 13 日 05:24
-- 伺服器版本: 10.1.16-MariaDB
-- PHP 版本： 5.6.24

SET SQL_MODE = "NO_AUTO_VALUE_ON_ZERO";
SET time_zone = "+00:00";


/*!40101 SET @OLD_CHARACTER_SET_CLIENT=@@CHARACTER_SET_CLIENT */;
/*!40101 SET @OLD_CHARACTER_SET_RESULTS=@@CHARACTER_SET_RESULTS */;
/*!40101 SET @OLD_COLLATION_CONNECTION=@@COLLATION_CONNECTION */;
/*!40101 SET NAMES utf8mb4 */;

--
-- 資料庫： `CMPE226_Final`
--

-- --------------------------------------------------------

--
-- 資料表結構 `address`
--

CREATE TABLE `address` (
  `street` varchar(50) NOT NULL,
  `city` varchar(50) NOT NULL,
  `state` varchar(50) NOT NULL,
  `zip_code` int(11) NOT NULL,
  `AddressID` varchar(50) NOT NULL,
  `RetailerID` varchar(50) NOT NULL,
  `InventoryID` varchar(50) NOT NULL
) ENGINE=InnoDB DEFAULT CHARSET=latin1;

--
-- 資料表的匯出資料 `address`
--

INSERT INTO `address` (`street`, `city`, `state`, `zip_code`, `AddressID`, `RetailerID`, `InventoryID`) VALUES
('P.O. Box 700, 9639 Pellentesque St.', 'Shreveport', 'LA', 13612, 'A1', 'Ret01', 'C-1'),
('Ap #634-6820 Morbi Ave', 'Erie', 'Pennsylvania', 23969, 'A10', 'Ret10', 'C-10'),
('Ap #123-3806 Dolor. Av.', 'Salem', 'Oregon', 26525, 'A100', 'Ret100', 'C-50'),
('Ap #760-1800 Ultrices Road', 'Springfield', 'MA', 67843, 'A11', 'Ret11', 'C-11'),
('606-8952 Ac St.', 'Pittsburgh', 'Pennsylvania', 12878, 'A12', 'Ret12', 'C-12'),
('P.O. Box 379, 8515 Fames Avenue', 'Saint Paul', 'Minnesota', 55053, 'A13', 'Ret13', 'C-13'),
('634-2583 Auctor Avenue', 'Bear', 'DE', 22951, 'A14', 'Ret14', 'C-14'),
('582-5979 Elit, Rd.', 'Flint', 'Michigan', 62879, 'A15', 'Ret15', 'C-15'),
('P.O. Box 306, 8732 Justo Avenue', 'Lewiston', 'Maine', 70343, 'A16', 'Ret16', 'C-16'),
('8139 Praesent Av.', 'Cincinnati', 'Ohio', 17202, 'A17', 'Ret17', 'C-17'),
('P.O. Box 373, 7987 Duis Rd.', 'Virginia Beach', 'Virginia', 37525, 'A18', 'Ret18', 'C-18'),
('554-7011 Nunc Rd.', 'Wilmington', 'DE', 57621, 'A19', 'Ret19', 'C-19'),
('P.O. Box 101, 8201 Donec Av.', 'Cambridge', 'Massachusetts', 82379, 'A2', 'Ret02', 'C-2'),
('198 Montes, Street', 'Eugene', 'OR', 57625, 'A20', 'Ret20', 'C-20'),
('4925 Ac Avenue', 'Sterling Heights', 'MI', 83103, 'A21', 'Ret21', 'C-21'),
('134-9149 A, St.', 'Waterbury', 'CT', 25259, 'A22', 'Ret22', 'C-22'),
('6262 Ipsum. Rd.', 'St. Petersburg', 'FL', 20231, 'A23', 'Ret23', 'C-23'),
('P.O. Box 620, 619 Elit. Road', 'San Antonio', 'Texas', 40902, 'A24', 'Ret24', 'C-24'),
('Ap #551-9961 Aliquam Street', 'Cambridge', 'MA', 42149, 'A25', 'Ret25', 'C-25'),
('Ap #940-465 Lectus, Street', 'Seattle', 'Washington', 92602, 'A26', 'Ret26', 'C-26'),
('8710 Non Rd.', 'Harrisburg', 'Pennsylvania', 24225, 'A27', 'Ret27', 'C-27'),
('6719 Tempor, Ave', 'Sioux City', 'Iowa', 65581, 'A28', 'Ret28', 'C-28'),
('4596 Nulla. St.', 'Seattle', 'WA', 21301, 'A29', 'Ret29', 'C-29'),
('625-1707 Donec St.', 'Worcester', 'Massachusetts', 40120, 'A3', 'Ret03', 'C-3'),
('1391 Nec Rd.', 'Meridian', 'Idaho', 51900, 'A30', 'Ret30', 'C-30'),
('P.O. Box 356, 1141 Non Rd.', 'Augusta', 'GA', 99208, 'A31', 'Ret31', 'C-31'),
('611 Ultricies Avenue', 'Detroit', 'Michigan', 60050, 'A32', 'Ret32', 'C-32'),
('3902 Auctor St.', 'Overland Park', 'Kansas', 81983, 'A33', 'Ret33', 'C-33'),
('4803 Ipsum Road', 'Gaithersburg', 'MD', 40924, 'A34', 'Ret34', 'C-34'),
('P.O. Box 137, 8187 Nisi Rd.', 'Birmingham', 'Alabama', 36503, 'A35', 'Ret35', 'C-35'),
('670-1979 Sem St.', 'Lakewood', 'CO', 67576, 'A36', 'Ret36', 'C-36'),
('6929 Fermentum Avenue', 'Wyoming', 'WY', 96872, 'A37', 'Ret37', 'C-37'),
('806-2225 Facilisis Av.', 'Mesa', 'Arizona', 85326, 'A38', 'Ret38', 'C-38'),
('3464 Arcu. Avenue', 'Nampa', 'Idaho', 54071, 'A39', 'Ret39', 'C-39'),
('7754 Dolor Av.', 'Owensboro', 'Kentucky', 92362, 'A4', 'Ret04', 'C-4'),
('P.O. Box 161, 6177 Ipsum Av.', 'Glendale', 'Arizona', 86663, 'A40', 'Ret40', 'C-40'),
('816-2433 Molestie Ave', 'Bozeman', 'MT', 99089, 'A41', 'Ret41', 'C-41'),
('6263 Nullam St.', 'West Jordan', 'Utah', 45906, 'A42', 'Ret42', 'C-42'),
('Ap #800-5475 Elementum, Ave', 'Provo', 'Utah', 67420, 'A43', 'Ret43', 'C-43'),
('3374 Ac St.', 'Rockville', 'MD', 39767, 'A44', 'Ret44', 'C-44'),
('P.O. Box 873, 1928 Nullam St.', 'Bangor', 'Maine', 40928, 'A45', 'Ret45', 'C-45'),
('4704 Nulla. Ave', 'Hillsboro', 'OR', 52370, 'A46', 'Ret46', 'C-46'),
('P.O. Box 935, 4689 Montes, Rd.', 'College', 'AK', 99871, 'A47', 'Ret47', 'C-47'),
('2917 Urna St.', 'Montgomery', 'AL', 35633, 'A48', 'Ret48', 'C-48'),
('927-2531 Sed St.', 'Nampa', 'Idaho', 39703, 'A49', 'Ret49', 'C-49'),
('617-8588 Erat St.', 'Columbia', 'MO', 50738, 'A5', 'Ret05', 'C-5'),
('Ap #158-2942 Fringilla Rd.', 'Atlanta', 'Georgia', 77756, 'A50', 'Ret50', 'C-50'),
('Ap #590-4333 Ridiculus Av.', 'Worcester', 'Massachusetts', 17534, 'A51', 'Ret51', 'C-1'),
('Ap #830-2125 Morbi Av.', 'San Francisco', 'CA', 93754, 'A52', 'Ret52', 'C-2'),
('P.O. Box 595, 2109 Tempor St.', 'Philadelphia', 'PA', 21385, 'A53', 'Ret53', 'C-3'),
('664-1393 Sodales Road', 'Kaneohe', 'HI', 89509, 'A54', 'Ret54', 'C-4'),
('Ap #451-6745 Sem, Ave', 'Provo', 'UT', 13088, 'A55', 'Ret55', 'C-5'),
('889-5540 Aliquam Avenue', 'Toledo', 'Ohio', 71219, 'A56', 'Ret56', 'C-6'),
('P.O. Box 429, 3557 Lorem Rd.', 'Cheyenne', 'WY', 73375, 'A57', 'Ret57', 'C-7'),
('870-8311 Vestibulum St.', 'Baltimore', 'MD', 33951, 'A58', 'Ret58', 'C-8'),
('Ap #277-6043 Ultrices Street', 'Laramie', 'Wyoming', 60309, 'A59', 'Ret59', 'C-9'),
('6332 Nisi Street', 'Chicago', 'IL', 49919, 'A6', 'Ret06', 'C-6'),
('Ap #521-8700 Dui, Av.', 'Colorado Springs', 'CO', 92065, 'A60', 'Ret60', 'C-10'),
('894-8724 Mi Av.', 'San Antonio', 'Texas', 39380, 'A61', 'Ret61', 'C-11'),
('8702 Curae; Rd.', 'Boston', 'MA', 12605, 'A62', 'Ret62', 'C-12'),
('4340 Eu, Road', 'Saint Louis', 'MO', 26277, 'A63', 'Ret63', 'C-13'),
('P.O. Box 646, 6996 Enim Avenue', 'San Francisco', 'CA', 93862, 'A64', 'Ret64', 'C-14'),
('P.O. Box 778, 1712 Elit Road', 'Provo', 'UT', 60186, 'A65', 'Ret65', 'C-15'),
('Ap #553-8570 Integer Rd.', 'Indianapolis', 'Indiana', 11412, 'A66', 'Ret66', 'C-16'),
('Ap #801-9446 A Avenue', 'Jackson', 'Mississippi', 96013, 'A67', 'Ret67', 'C-17'),
('Ap #799-2569 Nisi Road', 'Huntsville', 'AL', 35986, 'A68', 'Ret68', 'C-18'),
('P.O. Box 630, 1818 Lorem Rd.', 'Tucson', 'AZ', 85406, 'A69', 'Ret69', 'C-19'),
('Ap #607-5186 Sit Rd.', 'Grand Island', 'NE', 73666, 'A7', 'Ret07', 'C-7'),
('5193 Malesuada Avenue', 'Grand Island', 'NE', 34299, 'A70', 'Ret70', 'C-20'),
('195-2100 Elit Road', 'Lansing', 'Michigan', 52624, 'A71', 'Ret71', 'C-21'),
('5018 In Rd.', 'Springdale', 'AR', 71864, 'A72', 'Ret72', 'C-22'),
('722-1910 Justo Rd.', 'Henderson', 'NV', 68226, 'A73', 'Ret73', 'C-23'),
('Ap #662-6544 Et Road', 'Columbia', 'MO', 26375, 'A74', 'Ret74', 'C-24'),
('208-9181 Euismod St.', 'Hartford', 'Connecticut', 20418, 'A75', 'Ret75', 'C-25'),
('P.O. Box 529, 3795 Et St.', 'Georgia', 'GA', 79825, 'A76', 'Ret76', 'C-26'),
('P.O. Box 662, 4860 Adipiscing Rd.', 'Montpelier', 'VT', 76615, 'A77', 'Ret77', 'C-27'),
('P.O. Box 730, 4820 Lectus Rd.', 'Spokane', 'Washington', 36799, 'A78', 'Ret78', 'C-28'),
('P.O. Box 571, 8913 Diam. St.', 'Springfield', 'Illinois', 81266, 'A79', 'Ret79', 'C-29'),
('984-4003 Ut St.', 'Southaven', 'Mississippi', 57938, 'A8', 'Ret08', 'C-8'),
('Ap #854-2017 Curae; Ave', 'San Antonio', 'TX', 94702, 'A80', 'Ret80', 'C-30'),
('1075 In Rd.', 'Fort Collins', 'CO', 12463, 'A81', 'Ret81', 'C-31'),
('8210 Ut Road', 'Kansas City', 'MO', 79566, 'A82', 'Ret82', 'C-32'),
('8023 Semper Avenue', 'South Portland', 'ME', 13600, 'A83', 'Ret83', 'C-33'),
('2958 Nisi. St.', 'South Portland', 'Maine', 65258, 'A84', 'Ret84', 'C-34'),
('3598 Pellentesque St.', 'Covington', 'KY', 35785, 'A85', 'Ret85', 'C-35'),
('496-7958 Nam Avenue', 'Richmond', 'Virginia', 53257, 'A86', 'Ret86', 'C-36'),
('P.O. Box 340, 4759 Aliquam Rd.', 'Indianapolis', 'IN', 62528, 'A87', 'Ret87', 'C-37'),
('P.O. Box 479, 2320 Urna. Ave', 'North Las Vegas', 'Nevada', 49239, 'A88', 'Ret88', 'C-38'),
('892-157 Nonummy Rd.', 'Tuscaloosa', 'Alabama', 35546, 'A89', 'Ret89', 'C-39'),
('Ap #426-377 Consequat, Av.', 'Henderson', 'Nevada', 39596, 'A9', 'Ret09', 'C-9'),
('8312 Risus. St.', 'Kapolei', 'HI', 20444, 'A90', 'Ret90', 'C-40'),
('P.O. Box 414, 3259 Erat Rd.', 'Missoula', 'Montana', 82839, 'A91', 'Ret91', 'C-41'),
('P.O. Box 144, 5553 Justo. Road', 'Lexington', 'KY', 70322, 'A92', 'Ret92', 'C-42'),
('Ap #119-262 Metus Av.', 'Erie', 'PA', 66983, 'A93', 'Ret93', 'C-43'),
('Ap #228-130 Nulla. St.', 'Minneapolis', 'Minnesota', 21487, 'A94', 'Ret94', 'C-44'),
('331-272 Suspendisse Ave', 'Columbia', 'MD', 38099, 'A95', 'Ret95', 'C-45'),
('3497 Facilisi. St.', 'Green Bay', 'WI', 78490, 'A96', 'Ret96', 'C-46'),
('Ap #859-106 Ornare. St.', 'Rock Springs', 'Wyoming', 94983, 'A97', 'Ret97', 'C-47'),
('P.O. Box 785, 6942 Vel St.', 'Augusta', 'Maine', 84315, 'A98', 'Ret98', 'C-48'),
('Ap #629-1553 Ut Rd.', 'Hartford', 'Connecticut', 25156, 'A99', 'Ret99', 'C-49');

-- --------------------------------------------------------

--
-- 資料表結構 `addressphone`
--

CREATE TABLE `addressphone` (
  `PhoneNumber` varchar(50) NOT NULL,
  `AddressID` varchar(50) NOT NULL
) ENGINE=InnoDB DEFAULT CHARSET=latin1;

--
-- 資料表的匯出資料 `addressphone`
--

INSERT INTO `addressphone` (`PhoneNumber`, `AddressID`) VALUES
('(126) 140-7004', 'A36'),
('(147) 696-0038', 'A32'),
('(157) 384-8123', 'A26'),
('(168) 694-3363', 'A18'),
('(188) 826-6966', 'A34'),
('(190) 538-9587', 'A3'),
('(199) 107-3204', 'A27'),
('(207) 324-9510', 'A37'),
('(227) 467-8749', 'A28'),
('(238) 282-3043', 'A29'),
('(289) 380-3976', 'A43'),
('(303) 574-4363', 'A19'),
('(304) 489-8065', 'A35'),
('(314) 135-1575', 'A15'),
('(338) 121-4451', 'A12'),
('(383) 144-9592', 'A5'),
('(414) 576-1156', 'A10'),
('(434) 315-1510', 'A14'),
('(437) 333-6214', 'A23'),
('(471) 244-9090', 'A7'),
('(481) 516-4013', 'A22'),
('(484) 879-1992', 'A25'),
('(490) 843-3356', 'A11'),
('(514) 190-0180', 'A42'),
('(518) 529-5781', 'A8'),
('(528) 839-2405', 'A13'),
('(534) 769-0090', 'A47'),
('(546) 106-1765', 'A2'),
('(574) 437-6312', 'A4'),
('(590) 276-9984', 'A45'),
('(596) 814-5488', 'A38'),
('(720) 117-4388', 'A9'),
('(730) 299-8678', 'A21'),
('(737) 381-2115', 'A24'),
('(748) 537-5639', 'A41'),
('(795) 704-4278', 'A17'),
('(815) 439-1945', 'A20'),
('(825) 935-9001', 'A33'),
('(836) 334-1565', 'A49'),
('(876) 187-2206', 'A6'),
('(882) 844-8833', 'A30'),
('(891) 750-8302', 'A48'),
('(892) 752-2721', 'A46'),
('(896) 500-8437', 'A39'),
('(905) 860-2740', 'A40'),
('(931) 634-6554', 'A1'),
('(987) 203-0059', 'A44'),
('(992) 115-2346', 'A16'),
('(993) 837-2939', 'A31');

-- --------------------------------------------------------

--
-- 資料表結構 `computer`
--

CREATE TABLE `computer` (
  `SerialNo` varchar(50) NOT NULL,
  `Brand` varchar(30) DEFAULT NULL,
  `Type` varchar(50) NOT NULL,
  `Color` varchar(50) NOT NULL,
  `Year` int(11) NOT NULL,
  `Model` varchar(50) NOT NULL,
  `OperatingSystem` varchar(50) NOT NULL,
  `Weight` int(11) NOT NULL,
  `InventoryID` varchar(50) NOT NULL
) ENGINE=InnoDB DEFAULT CHARSET=latin1;

--
-- 資料表的匯出資料 `computer`
--

INSERT INTO `computer` (`SerialNo`, `Brand`, `Type`, `Color`, `Year`, `Model`, `OperatingSystem`, `Weight`, `InventoryID`) VALUES
('20001', 'Lenovo', 'Laptop', 'Black', 2016, 'THINKPAD X', 'Windows', 10, 'C-1'),
('20002', 'Lenovo', 'Desktop', 'Black', 2016, 'THINKPAD X', 'Windows', 9, 'C-2'),
('20003', 'Lenovo', 'Laptop', 'Multi', 2016, 'THINKPAD T', 'Windows', 6, 'C-3'),
('20004', 'Lenovo', 'Desktop', 'Black', 2016, 'THINKPAD P', 'Windows', 7, 'C-4'),
('20005', 'Lenovo', 'Desktop', 'Silver', 2016, 'THINKPAD YOGA', 'Windows', 5, 'C-5'),
('20006', 'Lenovo', 'Laptop', 'Black', 2016, 'THINKPAD T', 'Linux', 8, 'C-6'),
('20007', 'Lenovo', 'Laptop', 'Black', 2016, 'THINKPAD YOGA PRO', 'Windows', 4, 'C-7'),
('20008', 'Lenovo', 'Laptop', 'Silver', 2016, 'THINKPAD P', 'Windows', 4, 'C-8'),
('20009', 'Lenovo', 'Laptop', 'Black', 2016, 'THINKPAD YOGA', 'Windows', 9, 'C-9'),
('20010', 'Lenovo', 'Desktop', 'Black', 2016, 'THINKPAD X', 'Windows', 8, 'C-10'),
('20011', 'Lenovo', 'Laptop', 'Black', 2016, 'THINKPAD YOGA', 'Windows', 5, 'C-11'),
('20012', 'Lenovo', 'Laptop', 'White', 2016, 'THINKPAD X', 'Windows', 6, 'C-12'),
('20013', 'Asus', 'Laptop', 'Black', 2016, 'TRANSFORMER', 'Windows', 4, 'C-13'),
('20014', 'Asus', 'Desktop', 'Black', 2016, 'ZENBOOK', 'Windows', 7, 'C-14'),
('20015', 'Asus', 'Desktop', 'Black', 2016, 'TRANSFORMER', 'Windows', 6, 'C-15'),
('20016', 'Asus', 'Laptop', 'Red', 2016, 'ZENBOOK', 'Windows', 8, 'C-16'),
('20017', 'Asus', 'Laptop', 'Black', 2016, 'ZENBOOK', 'Linux', 3, 'C-17'),
('20018', 'Asus', 'Laptop', 'Black', 2016, 'ZENBOOK', 'Linux', 7, 'C-18'),
('20019', 'Asus', 'Laptop', 'Black', 2016, 'ZENBOOK', 'Linux', 3, 'C-19'),
('20020', 'Asus', 'Laptop', 'Red', 2016, 'ZENBOOK', 'Linux', 10, 'C-20'),
('20021', 'Asus', 'Laptop', 'Black', 2016, 'ZENBOOK', 'Windows', 3, 'C-21'),
('20022', 'Asus', 'Laptop', 'Black', 2016, 'TRANSFORMER', 'Linux', 8, 'C-22'),
('20023', 'Asus', 'Laptop', 'Black', 2016, 'ZENBOOK', 'Linux', 4, 'C-23'),
('20024', 'Asus', 'Desktop', 'Black', 2016, 'ZENBOOK', 'Linux', 5, 'C-24'),
('20025', 'Lenovo', 'Desktop', 'Black', 2016, 'THINKPAD X', 'Windows', 8, 'C-25'),
('20026', 'Lenovo', 'Desktop', 'Black', 2016, 'THINKPAD X', 'Linux', 8, 'C-26'),
('20027', 'Lenovo', 'Laptop', 'Multi', 2016, 'THINKPAD P', 'Linux', 4, 'C-27'),
('20028', 'Lenovo', 'Desktop', 'Multi', 2016, 'THINKPAD T', 'Linux', 8, 'C-28'),
('20029', 'Lenovo', 'Desktop', 'Multi', 2016, 'THINKPAD T', 'Linux', 7, 'C-29'),
('20030', 'Lenovo', 'Desktop', 'Multi', 2016, 'THINKPAD YOGA', 'Windows', 6, 'C-30'),
('20031', 'Lenovo', 'Laptop', 'White', 2016, 'THINKPAD YOGA', 'Linux', 7, 'C-31'),
('20032', 'Lenovo', 'Desktop', 'Multi', 2016, 'THINKPAD YOGA', 'Linux', 6, 'C-32'),
('20033', 'Dell', 'Desktop', 'Multi', 2016, 'INSPIRON', 'Linux', 3, 'C-33'),
('20034', 'Dell', 'Desktop', 'Black', 2016, 'XPS', 'Linux', 10, 'C-34'),
('20035', 'Dell', 'Surface', 'Multi', 2016, 'ALIENWARE', 'Windows', 9, 'C-35'),
('20036', 'Dell', 'Desktop', 'Black', 2016, 'ALIENWARE', 'Windows', 6, 'C-36'),
('20037', 'Dell', 'Desktop', 'White', 2016, 'ALIENWARE', 'Windows', 5, 'C-37'),
('20038', 'Dell', 'Desktop', 'Multi', 2016, 'ALIENWARE', 'Windows', 4, 'C-38'),
('20039', 'Dell', 'Surface', 'Multi', 2016, 'CHROMEBOOK', 'Windows', 6, 'C-39'),
('20040', 'Dell', 'Desktop', 'Silver', 2016, 'CHROMEBOOK', 'Windows', 10, 'C-40'),
('20041', 'Dell', 'Desktop', 'Black', 2016, 'CHROMEBOOK', 'Windows', 5, 'C-41'),
('20042', 'Dell', 'Surface', 'Red', 2016, 'ALIENWARE', 'Windows', 8, 'C-42'),
('20043', 'Dell', 'Desktop', 'Black', 2016, 'ALIENWARE', 'Windows', 9, 'C-43'),
('20044', 'Dell', 'Desktop', 'Multi', 2016, 'INSPIRON', 'Windows', 8, 'C-44'),
('20045', 'Dell', 'Desktop', 'Green', 2016, 'XPS', 'Windows', 8, 'C-45'),
('20046', 'Dell', 'Desktop', 'Multi', 2016, 'INSPIRON', 'Windows', 6, 'C-46'),
('20047', 'HP', 'Surface', 'Red', 2016, 'OMEN', 'Windows', 10, 'C-47'),
('20048', 'HP', 'Surface', 'Multi', 2016, 'ELITE', 'Windows', 10, 'C-48'),
('20049', 'HP', 'Laptop', 'Red', 2016, 'ZBOOK STUDIO', 'Windows', 10, 'C-49'),
('20050', 'HP', 'Surface', 'Multi', 2016, 'STREAM', 'Windows', 4, 'C-50'),
('20051', 'HP', 'Surface', 'Red', 2016, 'PAVILION', 'Windows', 10, 'C-1'),
('20052', 'HP', 'Surface', 'Red', 2016, 'PAVILION', 'Linux', 6, 'C-2'),
('20053', 'HP', 'Laptop', 'Silver', 2016, 'PAVILION', 'Windows', 6, 'C-3'),
('20054', 'HP', 'Surface', 'Red', 2016, 'STREAM', 'Windows', 9, 'C-4'),
('20055', 'HP', 'Surface', 'Silver', 2016, 'ZBOOK STUDIO', 'Windows', 5, 'C-5'),
('20056', 'HP', 'Laptop', 'Silver', 2016, 'ELITE', 'Unix', 4, 'C-6'),
('20057', 'HP', 'Surface', 'Red', 2016, 'ELITE', 'Windows', 4, 'C-7'),
('20058', 'HP', 'Surface', 'Silver', 2016, 'STREAM', 'Linux', 4, 'C-8'),
('20059', 'HP', 'Laptop', 'Silver', 2016, 'PAVILION', 'Windows', 7, 'C-9'),
('20060', 'HP', 'Surface', 'Red', 2016, 'PAVILION', 'Windows', 7, 'C-10'),
('20061', 'MSI', 'Surface', 'Silver', 2016, 'GEFORCE', 'Windows', 7, 'C-11'),
('20062', 'MSI', 'Surface', 'Silver', 2016, 'GTX', 'Unix', 10, 'C-12'),
('20063', 'MSI', 'Surface', 'Silver', 2016, 'SLI', 'Windows', 7, 'C-13'),
('20064', 'MSI', 'Laptop', 'Red', 2016, 'SLI', 'Windows', 9, 'C-14'),
('20065', 'MSI', 'Surface', 'Red', 2016, 'GTX', 'Windows', 6, 'C-15'),
('20066', 'MSI', 'Surface', 'Silver', 2016, 'GEFORCE', 'Windows', 3, 'C-46'),
('20067', 'MSI', 'Laptop', 'Silver', 2016, 'GTX', 'Windows', 9, 'C-47'),
('20068', 'MSI', 'Surface', 'Silver', 2016, 'GEFORCE', 'Windows', 7, 'C-48'),
('20069', 'MSI', 'Laptop', 'White', 2016, 'SLI', 'Windows', 6, 'C-49'),
('20070', 'MSI', 'Surface', 'White', 2016, 'GEFORCE', 'Linux', 4, 'C-50'),
('20071', 'MSI', 'Laptop', 'Red', 2016, 'SLI', 'Windows', 9, 'C-46'),
('20072', 'MSI', 'Surface', 'White', 2016, 'GEFORCE', 'Windows', 6, 'C-47'),
('20073', 'MSI', 'Laptop', 'Black', 2016, 'GTX', 'Linux', 3, 'C-48'),
('20074', 'MSI', 'Surface', 'White', 2016, 'SLI', 'Linux', 5, 'C-49'),
('20075', 'MSI', 'Surface', 'Red', 2016, 'GEFORCE', 'Windows', 10, 'C-50'),
('20076', 'MSI', 'Surface', 'White', 2015, 'GTX', 'Linux', 7, 'C-76'),
('20077', 'MSI', 'Laptop', 'White', 2015, 'SLI', 'Linux', 3, 'C-17'),
('20078', 'Toshiba', 'Laptop', 'White', 2015, 'TECRA', 'Windows', 3, 'C-18'),
('20079', 'Toshiba', 'Desktop', 'White', 2015, 'TECRA', 'Linux', 6, 'C-19'),
('20080', 'Toshiba', 'Laptop', 'White', 2015, 'TECRA', 'Windows', 9, 'C-20'),
('20081', 'Toshiba', 'Laptop', 'Red', 2015, 'TECRA', 'Linux', 9, 'C-21'),
('20082', 'Toshiba', 'Desktop', 'White', 2015, 'TECRA', 'Linux', 6, 'C-22'),
('20083', 'Toshiba', 'Laptop', 'White', 2015, 'TECRA', 'Windows', 8, 'C-23'),
('20084', 'Toshiba', 'Laptop', 'Multi', 2015, 'TECRA', 'Linux', 6, 'C-24'),
('20085', 'Toshiba', 'Laptop', 'White', 2015, 'TECRA', 'Windows', 8, 'C-25'),
('20086', 'Toshiba', 'Desktop', 'White', 2015, 'PORTEGE', 'Linux', 8, 'C-26'),
('20087', 'Toshiba', 'Laptop', 'White', 2015, 'PORTEGE', 'Windows', 4, 'C-3'),
('20088', 'Toshiba', 'Laptop', 'Silver', 2015, 'PORTEGE', 'Linux', 5, 'C-2'),
('20089', 'Toshiba', 'Desktop', 'White', 2015, 'PORTEGE', 'Linux', 9, 'C-1'),
('20090', 'Toshiba', 'Laptop', 'Multi', 2015, 'PORTEGE', 'Linux', 7, 'C-17'),
('20091', 'Toshiba', 'Laptop', 'White', 2015, 'PORTEGE', 'Windows', 6, 'C-18'),
('20092', 'Acer', 'Desktop', 'Red', 2015, 'CB3', 'Unix', 9, 'C-19'),
('20093', 'Acer', 'Laptop', 'Multi', 2015, 'CB3', 'Unix', 7, 'C-20'),
('20094', 'Acer', 'Laptop', 'Red', 2015, 'CB3', 'Windows', 9, 'C-21'),
('20095', 'Acer', 'Desktop', 'Multi', 2015, 'COAK', 'Unix', 9, 'C-22'),
('20096', 'Acer', 'Desktop', 'Multi', 2015, 'COAK', 'Unix', 5, 'C-23'),
('20097', 'Acer', 'Desktop', 'Silver', 2015, 'COAK', 'Unix', 6, 'C-24'),
('20098', 'Samsung', 'Surface', 'Silver', 2015, 'NOTEBOOK7', 'Windows', 5, 'C-25'),
('20099', 'Samsung', 'Surface', 'Multi', 2015, 'NOTEBOOK8', 'Windows', 9, 'C-26'),
('20100', 'Samsung', 'Surface', 'Red', 2015, 'NOTEBOOK9', 'Unix', 10, 'C-10'),
('20101', 'Apple', 'laptop', 'space grey', 2016, 'Macbook pro', 'macOS', 3, 'C-101');

-- --------------------------------------------------------

--
-- 資料表結構 `ComputerD`
--

CREATE TABLE `ComputerD` (
  `SerialNo` varchar(50) NOT NULL,
  `Brand` varchar(30) DEFAULT NULL,
  `Model` varchar(50) NOT NULL,
  `Color` varchar(50) NOT NULL,
  `Type` varchar(50) NOT NULL,
  `OperatingSystem` varchar(50) NOT NULL,
  `Weight` int(11) NOT NULL,
  `ComputerKey` int(10) UNSIGNED NOT NULL
) ENGINE=InnoDB DEFAULT CHARSET=latin1;

--
-- 資料表的匯出資料 `ComputerD`
--

INSERT INTO `ComputerD` (`SerialNo`, `Brand`, `Model`, `Color`, `Type`, `OperatingSystem`, `Weight`, `ComputerKey`) VALUES
('20001', 'Lenovo', 'THINKPAD X', 'Black', 'Laptop', 'Windows', 10, 1),
('20002', 'Lenovo', 'THINKPAD X', 'Black', 'Laptop', 'Windows', 9, 2),
('20003', 'Lenovo', 'THINKPAD T', 'Multi', 'Laptop', 'Windows', 6, 3),
('20004', 'Lenovo', 'THINKPAD P', 'Black', 'Laptop', 'Windows', 7, 4),
('20005', 'Lenovo', 'THINKPAD YOGA', 'Silver', 'Laptop', 'Windows', 5, 5),
('20006', 'Lenovo', 'THINKPAD T', 'Black', 'Laptop', 'Linux', 8, 6),
('20007', 'Lenovo', 'THINKPAD YOGA PRO', 'Black', 'Laptop', 'Windows', 4, 7),
('20008', 'Lenovo', 'THINKPAD P', 'Silver', 'Laptop', 'Windows', 4, 8),
('20009', 'Lenovo', 'THINKPAD YOGA', 'Black', 'Laptop', 'Windows', 9, 9),
('20010', 'Lenovo', 'THINKPAD X', 'Black', 'Laptop', 'Windows', 8, 10),
('20011', 'Lenovo', 'THINKPAD YOGA', 'Black', 'Laptop', 'Windows', 5, 11),
('20012', 'Lenovo', 'THINKPAD X', 'White', 'Laptop', 'Windows', 6, 12),
('20013', 'Asus', 'TRANSFORMER', 'Black', 'Laptop', 'Windows', 4, 13),
('20014', 'Asus', 'ZENBOOK', 'Black', 'Laptop', 'Windows', 7, 14),
('20015', 'Asus', 'TRANSFORMER', 'Black', 'Laptop', 'Windows', 6, 15),
('20016', 'Asus', 'ZENBOOK', 'Red', 'Laptop', 'Windows', 8, 16),
('20017', 'Asus', 'ZENBOOK', 'Black', 'Laptop', 'Linux', 3, 17),
('20018', 'Asus', 'ZENBOOK', 'Black', 'Laptop', 'Linux', 7, 18),
('20019', 'Asus', 'ZENBOOK', 'Black', 'Laptop', 'Linux', 3, 19),
('20020', 'Asus', 'ZENBOOK', 'Red', 'Laptop', 'Linux', 10, 20),
('20021', 'Asus', 'ZENBOOK', 'Black', 'Laptop', 'Windows', 3, 21),
('20022', 'Asus', 'TRANSFORMER', 'Black', 'Laptop', 'Linux', 8, 22),
('20023', 'Asus', 'ZENBOOK', 'Black', 'Laptop', 'Linux', 4, 23),
('20024', 'Asus', 'ZENBOOK', 'Black', 'Desktop', 'Linux', 5, 24),
('20025', 'Lenovo', 'THINKPAD X', 'Black', 'Desktop', 'Windows', 8, 25),
('20026', 'Lenovo', 'THINKPAD X', 'Black', 'Desktop', 'Linux', 8, 26),
('20027', 'Lenovo', 'THINKPAD P', 'Multi', 'Desktop', 'Linux', 4, 27),
('20028', 'Lenovo', 'THINKPAD T', 'Multi', 'Desktop', 'Linux', 8, 28),
('20029', 'Lenovo', 'THINKPAD T', 'Multi', 'Desktop', 'Linux', 7, 29),
('20030', 'Lenovo', 'THINKPAD YOGA', 'Multi', 'Desktop', 'Windows', 6, 30),
('20031', 'Lenovo', 'THINKPAD YOGA', 'White', 'Desktop', 'Linux', 7, 31),
('20032', 'Lenovo', 'THINKPAD YOGA', 'Multi', 'Desktop', 'Linux', 6, 32),
('20033', 'Dell', 'INSPIRON', 'Multi', 'Desktop', 'Linux', 3, 33),
('20034', 'Dell', 'XPS', 'Black', 'Desktop', 'Linux', 10, 34),
('20035', 'Dell', 'ALIENWARE', 'Multi', 'Desktop', 'Windows', 9, 35),
('20036', 'Dell', 'ALIENWARE', 'Black', 'Desktop', 'Windows', 6, 36),
('20037', 'Dell', 'ALIENWARE', 'White', 'Desktop', 'Windows', 5, 37),
('20038', 'Dell', 'ALIENWARE', 'Multi', 'Desktop', 'Windows', 4, 38),
('20039', 'Dell', 'CHROMEBOOK', 'Multi', 'Desktop', 'Windows', 6, 39),
('20040', 'Dell', 'CHROMEBOOK', 'Silver', 'Desktop', 'Windows', 10, 40),
('20041', 'Dell', 'CHROMEBOOK', 'Black', 'Desktop', 'Windows', 5, 41),
('20042', 'Dell', 'ALIENWARE', 'Red', 'Desktop', 'Windows', 8, 42),
('20043', 'Dell', 'ALIENWARE', 'Black', 'Desktop', 'Windows', 9, 43),
('20044', 'Dell', 'INSPIRON', 'Multi', 'Desktop', 'Windows', 8, 44),
('20045', 'Dell', 'XPS', 'Green', 'Desktop', 'Windows', 8, 45),
('20046', 'Dell', 'INSPIRON', 'Multi', 'Desktop', 'Windows', 6, 46),
('20047', 'HP', 'OMEN', 'Red', 'Surface', 'Windows', 10, 47),
('20048', 'HP', 'ELITE', 'Multi', 'Surface', 'Windows', 10, 48),
('20049', 'HP', 'ZBOOK STUDIO', 'Red', 'Surface', 'Windows', 10, 49),
('20050', 'HP', 'STREAM', 'Multi', 'Surface', 'Windows', 4, 50),
('20051', 'HP', 'PAVILION', 'Red', 'Surface', 'Windows', 10, 51),
('20052', 'HP', 'PAVILION', 'Red', 'Surface', 'Linux', 6, 52),
('20053', 'HP', 'PAVILION', 'Silver', 'Surface', 'Windows', 6, 53),
('20054', 'HP', 'STREAM', 'Red', 'Surface', 'Windows', 9, 54),
('20055', 'HP', 'ZBOOK STUDIO', 'Silver', 'Surface', 'Windows', 5, 55),
('20056', 'HP', 'ELITE', 'Silver', 'Surface', 'Unix', 4, 56),
('20057', 'HP', 'ELITE', 'Red', 'Surface', 'Windows', 4, 57),
('20058', 'HP', 'STREAM', 'Silver', 'Surface', 'Linux', 4, 58),
('20059', 'HP', 'PAVILION', 'Silver', 'Surface', 'Windows', 7, 59),
('20060', 'HP', 'PAVILION', 'Red', 'Surface', 'Windows', 7, 60),
('20061', 'MSI', 'GEFORCE', 'Silver', 'Surface', 'Windows', 7, 61),
('20062', 'MSI', 'GTX', 'Silver', 'Surface', 'Unix', 10, 62),
('20063', 'MSI', 'SLI', 'Silver', 'Surface', 'Windows', 7, 63),
('20064', 'MSI', 'SLI', 'Red', 'Surface', 'Windows', 9, 64),
('20065', 'MSI', 'GTX', 'Red', 'Surface', 'Windows', 6, 65),
('20066', 'MSI', 'GEFORCE', 'Silver', 'Surface', 'Windows', 3, 66),
('20067', 'MSI', 'GTX', 'Silver', 'Surface', 'Windows', 9, 67),
('20068', 'MSI', 'GEFORCE', 'Silver', 'Surface', 'Windows', 7, 68),
('20069', 'MSI', 'SLI', 'White', 'Surface', 'Windows', 6, 69),
('20070', 'MSI', 'GEFORCE', 'White', 'Surface', 'Linux', 4, 70),
('20071', 'MSI', 'SLI', 'Red', 'Surface', 'Windows', 9, 71),
('20072', 'MSI', 'GEFORCE', 'White', 'Surface', 'Windows', 6, 72),
('20073', 'MSI', 'GTX', 'Black', 'Surface', 'Linux', 3, 73),
('20074', 'MSI', 'SLI', 'White', 'Surface', 'Linux', 5, 74),
('20075', 'MSI', 'GEFORCE', 'Red', 'Surface', 'Windows', 10, 75),
('20076', 'MSI', 'GTX', 'White', 'Surface', 'Linux', 7, 76),
('20077', 'MSI', 'SLI', 'White', 'Laptop', 'Linux', 3, 77),
('20078', 'Toshiba', 'TECRA', 'White', 'Laptop', 'Windows', 3, 78),
('20079', 'Toshiba', 'TECRA', 'White', 'Laptop', 'Linux', 6, 79),
('20080', 'Toshiba', 'TECRA', 'White', 'Laptop', 'Windows', 9, 80),
('20081', 'Toshiba', 'TECRA', 'Red', 'Laptop', 'Linux', 9, 81),
('20082', 'Toshiba', 'TECRA', 'White', 'Laptop', 'Linux', 6, 82),
('20083', 'Toshiba', 'TECRA', 'White', 'Laptop', 'Windows', 8, 83),
('20084', 'Toshiba', 'TECRA', 'Multi', 'Laptop', 'Linux', 6, 84),
('20085', 'Toshiba', 'TECRA', 'White', 'Laptop', 'Windows', 8, 85),
('20086', 'Toshiba', 'PORTEGE', 'White', 'Laptop', 'Linux', 8, 86),
('20087', 'Toshiba', 'PORTEGE', 'White', 'Laptop', 'Windows', 4, 87),
('20088', 'Toshiba', 'PORTEGE', 'Silver', 'Laptop', 'Linux', 5, 88),
('20089', 'Toshiba', 'PORTEGE', 'White', 'Laptop', 'Linux', 9, 89),
('20090', 'Toshiba', 'PORTEGE', 'Multi', 'Laptop', 'Linux', 7, 90),
('20091', 'Toshiba', 'PORTEGE', 'White', 'Laptop', 'Windows', 6, 91),
('20092', 'Acer', 'CB3', 'Red', 'Laptop', 'Unix', 9, 92),
('20093', 'Acer', 'CB3', 'Multi', 'Laptop', 'Unix', 7, 93),
('20094', 'Acer', 'CB3', 'Red', 'Laptop', 'Windows', 9, 94),
('20095', 'Acer', 'COAK', 'Multi', 'Desktop', 'Unix', 9, 95),
('20096', 'Acer', 'COAK', 'Multi', 'Desktop', 'Unix', 5, 96),
('20097', 'Acer', 'COAK', 'Silver', 'Desktop', 'Unix', 6, 97),
('20098', 'Samsung', 'NOTEBOOK7', 'Silver', 'Surface', 'Windows', 5, 98),
('20099', 'Samsung', 'NOTEBOOK8', 'Multi', 'Surface', 'Windows', 9, 99),
('20100', 'Samsung', 'NOTEBOOK9', 'Red', 'Surface', 'Unix', 10, 100);

-- --------------------------------------------------------

--
-- 資料表結構 `computermanu`
--

CREATE TABLE `computermanu` (
  `Production` int(11) NOT NULL,
  `Name` varchar(50) NOT NULL,
  `InventoryID` varchar(50) NOT NULL,
  `NumOfFlaws` int(11) NOT NULL
) ENGINE=InnoDB DEFAULT CHARSET=latin1;

--
-- 資料表的匯出資料 `computermanu`
--

INSERT INTO `computermanu` (`Production`, `Name`, `InventoryID`, `NumOfFlaws`) VALUES
(491, 'Apple', 'C-1', 2),
(378, 'Chassis Plans', 'C-10', 10),
(253, 'Chillblast', 'C-11', 8),
(476, 'Chip PC', 'C-12', 5),
(987, 'Clevo', 'C-13', 5),
(822, 'Sager Notebook Computers', 'C-14', 5),
(200, 'Cray', 'C-15', 9),
(810, 'Crystal Group', 'C-16', 10),
(630, 'Cybernet Computer Inc.', 'C-17', 3),
(288, 'Compal', 'C-18', 4),
(699, 'Cooler Master', 'C-19', 8),
(231, 'Arnouse Digital Devices Corp (ADDC)', 'C-2', 10),
(117, 'CyberPower PC', 'C-20', 2),
(926, 'Cybertron PC', 'C-21', 6),
(50, 'Dell', 'C-22', 5),
(445, 'Wyse Technology', 'C-23', 1),
(183, 'DFI', 'C-24', 5),
(848, 'Digital Storm', 'C-25', 5),
(536, 'Doel (computer)', 'C-26', 3),
(581, 'Elitegroup Computer Systems (ECS)', 'C-27', 5),
(43, 'Evans & Sutherland', 'C-28', 4),
(452, 'Everex', 'C-29', 3),
(87, 'ASRock', 'C-3', 6),
(9, 'EVGA', 'C-30', 7),
(13, 'Falcon Northwest', 'C-31', 4),
(36, 'FIC', 'C-32', 10),
(967, 'Fujitsu', 'C-33', 3),
(536, 'Fusion Red', 'C-34', 4),
(400, 'Foxconn', 'C-35', 2),
(465, 'Founder Technology', 'C-36', 5),
(877, 'Getac', 'C-37', 1),
(216, 'Gigabyte', 'C-38', 3),
(741, 'Gradiente', 'C-39', 5),
(537, 'Asus', 'C-4', 6),
(411, 'Groupe Bull', 'C-40', 8),
(455, 'Grundig', 'C-41', 4),
(340, 'Hasee', 'C-42', 10),
(282, 'Hewlett-Packard', 'C-43', 1),
(73, 'Compaq', 'C-44', 10),
(110, 'Hitachi', 'C-45', 7),
(950, 'HTC', 'C-46', 4),
(558, 'Hyundai', 'C-47', 10),
(700, 'IBM', 'C-48', 1),
(958, 'IBuyPower', 'C-49', 5),
(919, 'AVADirect', 'C-5', 1),
(761, 'Intel', 'C-50', 8),
(975, 'AXIOO International', 'C-6', 2),
(412, 'BenQ', 'C-7', 8),
(51, 'Biostar', 'C-8', 8),
(649, 'BOXX Technologies, Inc.', 'C-9', 10);

-- --------------------------------------------------------

--
-- 資料表結構 `cpu`
--

CREATE TABLE `cpu` (
  `Version` varchar(50) NOT NULL,
  `CPUManu` varchar(50) NOT NULL,
  `ClockSpeed` int(11) NOT NULL,
  `CacheSize` int(11) NOT NULL,
  `CPUSerial` varchar(100) NOT NULL,
  `SerialNo` varchar(50) NOT NULL
) ENGINE=InnoDB DEFAULT CHARSET=latin1;

--
-- 資料表的匯出資料 `cpu`
--

INSERT INTO `cpu` (`Version`, `CPUManu`, `ClockSpeed`, `CacheSize`, `CPUSerial`, `SerialNo`) VALUES
('Vol .2', 'Lectus Nullam Suscipit Foundation', 1587, 2047, '003BE2C6-BA5F-EBBA-2F7A-0BF1FBC864F5', '20050'),
('Vol. 3', 'Posuere Enim Inc.', 795, 172, '010DDCDE-2946-B3FD-70AD-3D5DA7EB4965', '20078'),
('Vol .1', 'Erat Etiam Limited', 945, 1556, '04D859E4-56D1-0A5B-B081-5F90890750C1', '20024'),
('Vol .1', 'Pharetra Nam Ac Associates', 1160, 4638, '07A9DCBC-058B-5335-5485-DC97D0A48C49', '20023'),
('Vol .1', 'Eget Volutpat Ornare Corporation', 205, 3071, '0A4CB2F6-89FE-E79C-2F88-BF671FFCF80A', '20007'),
('Vol. 3', 'Curabitur Dictum Industries', 379, 3533, '0B923818-C1F2-D1C5-494C-8CDC28081798', '20080'),
('Vol. 3', 'Vel Sapien Imperdiet Incorporated', 1856, 2650, '0BCDDB68-F901-73BC-D193-82200AFA85BD', '20098'),
('Vol .1', 'Amet Consulting', 498, 2728, '0C4C8F74-3255-6555-74ED-7786B75B476C', '20015'),
('Vol .2', 'Adipiscing Inc.', 551, 927, '0D74C84A-257B-274F-F4E0-AB5D7068BC58', '20044'),
('Vol. 3', 'Adipiscing Ligula Foundation', 1072, 1192, '0F339D60-82FE-88B1-0301-3F0E11AA75A9', '20075'),
('Vol .2', 'Consequat Limited', 554, 4172, '102A84E9-64CA-F1B6-05F1-B533DC84F182', '20065'),
('Vol .1', 'Eget Mollis LLC', 1185, 1524, '1143D0C2-5A17-D5BD-4A25-2A25937872A3', '20010'),
('Vol. 3', 'Nec LLP', 1883, 2246, '15D2F247-88F8-D306-9816-C02A91E3D991', '20079'),
('Vol .1', 'Malesuada Vel Limited', 620, 1512, '1661E6C9-F181-2E1A-DDB6-6657B0C5E020', '20017'),
('Vol .2', 'Ac Tellus Suspendisse Industries', 162, 4599, '1CF0742B-A491-6F2B-7E17-BCD246E322A2', '20056'),
('Vol .2', 'Enim Condimentum Eget Institute', 1008, 3177, '2045E2D3-CEA9-60B5-0DE4-E211720DBA31', '20049'),
('Vol .2', 'Eros LLC', 81, 2641, '20474D05-4E31-DFA1-1386-897C4B18A003', '20040'),
('Vol .1', 'Ullamcorper Consulting', 1829, 2646, '236BD65E-36E1-FE4C-A294-2CF8DF3635C9', '20028'),
('Vol .1', 'Ac Corporation', 440, 2666, '261873AA-9843-8398-40C5-AB34DB8E61B1', '20004'),
('Vol. 3', 'Vel Company', 1486, 4870, '269DCBB0-3E0C-8DE6-EB37-9765D65B72BC', '20094'),
('Vol .1', 'Mauris Magna Limited', 96, 26, '2F61C1B4-0A82-5915-CC37-97FFE1A7CD64', '20032'),
('Vol. 3', 'Risus Odio Corporation', 1741, 32, '3F842A88-471C-AE3A-A442-381B388F1FB6', '20084'),
('Vol .1', 'Sem Ut Dolor Corporation', 1314, 414, '41596C1D-A702-55E2-A9F5-07075C16FF5C', '20021'),
('Vol. 3', 'Fermentum LLP', 1536, 4722, '41D5126C-4B66-A571-B074-C242FDC75E48', '20083'),
('Vol .2', 'In Consulting', 258, 1469, '44C3DBFA-3A64-5728-FF7B-1C79FBE40D47', '20038'),
('Vol .1', 'Lorem Ut Consulting', 73, 4389, '466B8C3D-409B-4223-8D6E-414447FAB3FE', '20033'),
('Vol .1', 'Diam Luctus Lobortis Incorporated', 309, 1340, '4CC6DD51-F9B2-8870-8C81-40DC3A67E4A2', '20018'),
('Vol .1', 'Aliquam Associates', 1455, 2398, '4EF3D5AC-14DC-126A-85E9-11A6A48EE97A', '20020'),
('Vol .1', 'Tortor Nunc Commodo Ltd', 988, 2335, '5168ECEA-C463-EFE8-650F-79F522783F4C', '20002'),
('Vol. 3', 'Vitae LLC', 1010, 3925, '528BE5F9-2F08-3EEA-C04B-286D78DDA76A', '20077'),
('Vol .1', 'Molestie Pharetra Foundation', 1933, 2547, '53F8CBA0-A68C-38B0-C803-013B79B06097', '20011'),
('Vol. 3', 'Nunc Inc.', 294, 1463, '5449D208-BC2A-21AA-E606-48D08E44AD09', '20071'),
('Vol .1', 'Curabitur Dictum Phasellus Ltd', 1214, 2407, '59EB442C-BC34-4E5C-D291-7F9DBC1E2ED8', '20027'),
('Vol. 3', 'Id Consulting', 1695, 1827, '658A2A8A-9835-625F-56D5-9BED139EDDD4', '20090'),
('Vol. 3', 'Non Nisi Aenean Incorporated', 1482, 2514, '69E0011C-87B7-9886-D5E9-9CB7B15F1B02', '20074'),
('Vol .2', 'Sed Pede PC', 1753, 1424, '6B222E37-0BA0-3203-AD36-6D6536A3C757', '20060'),
('Vol .2', 'Aliquam Tincidunt Company', 193, 2693, '6B5079EB-29F0-4135-F3D0-356F37C8151C', '20057'),
('Vol. 3', 'Mi Consulting', 1469, 30, '6C18C2D1-8C90-C7C1-1528-8B6D1858B9BA', '20068'),
('Vol .2', 'Et Magnis Dis Incorporated', 1496, 4309, '6DEFC200-A8BC-0006-2BD9-A5F01E4C6A17', '20035'),
('Vol .2', 'Metus Vivamus PC', 1011, 2454, '71B83930-ED99-3041-D7E3-07BD9861D6EB', '20051'),
('Vol. 3', 'Eget Magna Suspendisse Incorporated', 1106, 4717, '736B30BD-3C3C-84EC-4824-471DC4388DEE', '20081'),
('Vol .2', 'Purus Sapien Gravida Corp.', 1345, 4941, '74C0CEEE-0BC9-4032-236E-1E2EEA3D6DE8', '20062'),
('Vol. 3', 'Felis Eget Ltd', 687, 4530, '74EE1F0E-E0D1-FDB1-8AC5-63FBB7E21D27', '20097'),
('Vol .1', 'Quisque Varius Nam Foundation', 586, 1653, '83D637A7-3E34-37EE-D41F-EC7DAB4770E4', '20012'),
('Vol. 3', 'Ipsum Foundation', 275, 3266, '86F5CF9E-EAB2-0728-ACDD-31FAAFEA0555', '20093'),
('Vol .2', 'Fames Ac Turpis Company', 703, 3123, '88812952-A927-6D57-6B76-40916E942C77', '20041'),
('Vol. 3', 'Fermentum Industries', 1483, 3405, '91A93E83-19BD-252D-94CC-8025FB0C1C16', '20096'),
('Vol .1', 'Ac Nulla Inc.', 1000, 4993, '931528ED-0B84-219B-5D8A-9AEA0B0A1630', '20025'),
('Vol .2', 'Enim Nunc Ut Associates', 859, 4738, '9407BDD3-7E6C-ABF1-E906-9FF851DD9A31', '20054'),
('Vol .2', 'Ut Quam Incorporated', 1472, 4866, '954878F9-5070-FCCD-809F-9F96A4678B03', '20063'),
('Vol. 3', 'Eu Institute', 1543, 4559, '956B2DA5-89B9-3FBA-6470-2810A554F41D', '20069'),
('Vol .1', 'Sem Eget Massa Company', 1753, 4289, '98BBBBDF-3E6D-EA86-FC1F-A6041A4770E6', '20019'),
('Vol. 3', 'Metus Sit Limited', 509, 4136, '9ADA2CFB-D57A-8431-83F0-ED50AB5B23FA', '20088'),
('Vol .2', 'Duis At Lacus Corporation', 1327, 4141, '9E7C8AF5-EE31-81F8-A53D-35C9471360FC', '20039'),
('Vol .1', 'Faucibus Ut Nulla Incorporated', 1488, 3212, 'A13F1893-2948-AD58-9D34-27BE2646ACC6', '20026'),
('Vol .2', 'Elementum Dui Quis Consulting', 1769, 1106, 'A3F7F456-92B2-8F95-1751-FE2F62EB1527', '20066'),
('Vol .2', 'Lorem Semper Auctor Associates', 706, 3021, 'A5E2B971-3665-6FBC-C8E7-79BF68E334EC', '20047'),
('Vol .1', 'Nibh Ltd', 1411, 4666, 'A7510515-DC1A-82DD-1F9C-034992464E8D', '20003'),
('Vol. 3', 'Ligula Nullam Foundation', 409, 883, 'A86332FF-AFEC-6587-0D1A-A541D22EEABB', '20095'),
('Vol. 3', 'Mi Fringilla Mi Inc.', 1810, 1298, 'AD8D1FAB-1B7F-84F1-4E36-103AC03635C7', '20087'),
('Vol. 3', 'Tristique Ac LLP', 1004, 619, 'AD94B333-D4E3-A046-6D11-5E7E63AC6C44', '20076'),
('Vol .1', 'Nonummy Ac PC', 930, 3107, 'AFC1FF69-40A5-3BCE-3797-C48F92723F2B', '20016'),
('Vol. 3', 'Eget Industries', 1162, 2703, 'B56F1B67-737F-74DB-E3FE-7743EA4ED1EF', '20085'),
('Vol .1', 'Leo LLP', 412, 2337, 'B6E68744-CB1D-E241-7D62-FEF90280EDBC', '20005'),
('Vol. 3', 'Semper Erat Institute', 801, 2034, 'B8B34FA1-FA76-873A-8C60-CB81F4A67D5B', '20092'),
('Vol .1', 'Mi Pede Foundation', 1624, 1192, 'B97115CC-9505-28D6-6BF5-704FA07DA2F3', '20006'),
('Vol .2', 'Ante Consulting', 1649, 224, 'BF5D6ECA-8347-9444-4592-E2798B7E5540', '20067'),
('Vol .1', 'Vestibulum Inc.', 691, 2119, 'BF976E79-96F5-A512-D5B7-2FA38EA68DAF', '20022'),
('Vol .1', 'Sit Amet Corporation', 1232, 3814, 'C087E119-C55C-E43A-F009-E71FC73A3918', '20001'),
('Vol .1', 'Sed Facilisis Consulting', 660, 2680, 'C583BDE4-1F29-0CF2-4E48-4139BBE3BB60', '20008'),
('Vol. 3', 'Nulla PC', 1661, 690, 'C607C055-64FC-4D59-440E-72677C005330', '20091'),
('Vol .2', 'At Pretium PC', 1793, 1863, 'C7E6E34F-43EE-004D-4690-880BFB8FF0F6', '20036'),
('Vol .1', 'Eros Nec Tellus Associates', 534, 1073, 'C8342E75-01A9-A2EA-296E-27F1D146E5A4', '20029'),
('Vol .1', 'Ac LLC', 973, 3175, 'C84F3E96-5D9C-176D-5D1C-ECFCF20E0238', '20030'),
('Vol .2', 'Aliquam Erat Volutpat LLC', 663, 4314, 'C8ED49FC-53DD-F237-BC86-6FB0682676FD', '20055'),
('Vol .1', 'Eros Nec Incorporated', 1285, 1884, 'CA8304AF-747E-D01D-49C8-F0716E7899C2', '20034'),
('Vol. 3', 'Massa Rutrum LLP', 257, 631, 'CDB55F68-B2FD-AA4F-F8A5-1A095486CA75', '20089'),
('Vol .1', 'Nunc Ut Erat LLC', 1886, 2271, 'CF8CE82C-2964-4573-BBC6-CAE4474ED6F0', '20014'),
('Vol. 3', 'Nam Ligula Elit Foundation', 920, 1328, 'D4086B04-E52F-43EE-8FC5-22CBB9B6CAF9', '20070'),
('Vol .2', 'Cursus LLC', 976, 322, 'D419D3E0-B922-6A80-A6A9-1191D4364297', '20037'),
('Vol .1', 'Sed Institute', 708, 2117, 'D70EDD50-A294-B076-3ACE-1BFB251654A6', '20031'),
('Vol. 3', 'Mi Fringilla Inc.', 1734, 3579, 'D7C04FE8-48F4-09E1-F243-B38A9097353A', '20099'),
('Vol. 3', 'Urna LLC', 1717, 2205, 'D92E2A73-BD2F-2D04-B923-2A30C28F038E', '20100'),
('Vol .2', 'Risus Duis A Limited', 1525, 2180, 'DB211413-2813-44E1-EBF8-16A579DA14A2', '20043'),
('Vol .2', 'Lorem Ipsum Foundation', 1394, 4308, 'DBD4B13F-370A-B568-BC43-A6B50F1A0845', '20046'),
('Vol .2', 'Aliquam Erat Limited', 955, 523, 'DF0BE9B5-83B4-0F68-202D-049CA3D2ED56', '20058'),
('Vol .2', 'Pharetra Foundation', 1255, 4835, 'E43AEE6A-A278-206A-DF72-20A27AC8FCC0', '20042'),
('Vol .1', 'Quisque LLP', 274, 2638, 'E8E706B9-34F3-2A3A-13E3-842E6396B8CC', '20013'),
('Vol .2', 'Consectetuer LLC', 1068, 4779, 'E9AE40A0-3D47-9851-372C-0933A0EE1163', '20064'),
('Vol .1', 'Commodo At Incorporated', 1359, 991, 'EB978845-71FC-4A7C-991A-E3C1D46FB113', '20009'),
('Vol. 3', 'Nulla Integer Corp.', 379, 2405, 'ECEE4538-EFEE-BE59-3341-B03B1FE2AA89', '20072'),
('Vol .2', 'Quisque Tincidunt Pede Foundation', 1684, 967, 'EE42B698-D561-E277-C6CC-ADC38FB61D7D', '20048'),
('Vol. 3', 'Etiam Inc.', 1769, 2236, 'F077496E-88DA-6D45-5867-FB8610ECFB37', '20073'),
('Vol .2', 'Faucibus Ltd', 1473, 485, 'F27A2B62-30DB-BBEF-195B-8F222F41D1C5', '20052'),
('Vol .2', 'Nulla LLP', 1588, 1769, 'F329DFBE-5A23-E5A8-C5CF-4A9176484580', '20045'),
('Vol .2', 'Enim Nunc Corp.', 460, 3362, 'F4397B0E-E2C7-A029-3919-9EDD35ABD31D', '20061'),
('Vol .2', 'Auctor Mauris Vel Corporation', 1167, 883, 'F97C1AD5-2BDA-DB4F-6F5B-9B238912555A', '20059'),
('Vol. 3', 'Sit Amet Incorporated', 1714, 3288, 'F9F2CC21-1B51-6057-0E03-292D52D44071', '20082'),
('Vol. 3', 'Vulputate Velit LLC', 893, 3816, 'FC518FCF-CC21-640B-44AD-723259FB35BC', '20086'),
('Vol .2', 'Consequat Ltd', 1257, 1740, 'FE316FE9-C6B0-4268-43F2-D443D5E2213C', '20053');

-- --------------------------------------------------------

--
-- 資料表結構 `display`
--

CREATE TABLE `display` (
  `DisplayManu` varchar(50) NOT NULL,
  `Resolution` varchar(50) NOT NULL,
  `DisplaySerial` varchar(50) NOT NULL,
  `Year` int(11) NOT NULL,
  `SerialNo` varchar(50) NOT NULL
) ENGINE=InnoDB DEFAULT CHARSET=latin1;

--
-- 資料表的匯出資料 `display`
--

INSERT INTO `display` (`DisplayManu`, `Resolution`, `DisplaySerial`, `Year`, `SerialNo`) VALUES
('Eget Varius Ultrices LLC', '1920 X 1080', '013333-2189', 2013, '20100'),
('Fringilla Consulting', '1920 X 1080', '038409-4280', 2013, '20096'),
('Cum Sociis Institute', '1920 X 1080', '085661-1710', 2013, '20074'),
('Lorem Vehicula Et Inc.', '1600 X 1200', '096258-9271', 2016, '20015'),
('Mauris Aliquam Ltd', '2048 X 1080', '103129-4414', 2013, '20093'),
('Elit Fermentum Risus Company', '2048 X 1080', '105901-7226', 2013, '20094'),
('Enim Nunc PC', '2048 X 1080', '117377-6442', 2013, '20071'),
('Lorem Sit Corporation', '2048 X 1080', '127368-2797', 2013, '20077'),
('Hendrerit A Arcu Limited', '2048 X 1080', '127783-4436', 2015, '20063'),
('Nonummy Ultricies Corporation', '2048 X 1080', '145557-2428', 2013, '20073'),
('Massa Integer Associates', '4096 X 2160', '152779-9694', 2013, '20069'),
('Risus Morbi Metus Consulting', '4096 X 2160', '154664-2495', 2013, '20072'),
('Nulla Company', '1920 X 1080', '164411-9511', 2014, '20033'),
('Posuere Cubilia Institute', '1920 X 1080', '164783-3332', 2013, '20081'),
('Mus Aenean Eget Associates', '4096 X 2160', '176776-8870', 2016, '20014'),
('Turpis Inc.', '1920 X 1080', '219155-2831', 2016, '20020'),
('Cras LLP', '1920 X 1080', '219903-3701', 2016, '20010'),
('Quam Pellentesque Habitant Corporation', '2048 X 1080', '229551-5403', 2015, '20053'),
('Nec Ltd', '1600 X 1200', '232385-6050', 2013, '20098'),
('Ut Erat Corp.', '4096 X 2160', '247054-3048', 2013, '20084'),
('Et Netus Et Corporation', '1920 X 1080', '257999-1197', 2013, '20070'),
('Sapien Cras LLC', '1600 X 1200', '267575-6601', 2014, '20035'),
('Ac Associates', '1920 X 1080', '277792-8249', 2014, '20027'),
('Cubilia Curae; Donec Incorporated', '2048 X 1080', '284125-7658', 2015, '20065'),
('Ac Turpis Egestas Institute', '1920 X 1080', '284972-2778', 2016, '20016'),
('Vel Associates', '1920 X 1080', '288253-4460', 2013, '20090'),
('Dolor Vitae Ltd', '2048 X 1080', '289507-7903', 2013, '20079'),
('Pellentesque PC', '1920 X 1080', '293093-2336', 2014, '20024'),
('Molestie Sodales Limited', '1920 X 1080', '307049-1406', 2014, '20044'),
('Sapien Nunc Pulvinar Foundation', '4096 X 2160', '309735-6707', 2013, '20080'),
('Risus Morbi Metus Institute', '1600 X 1200', '313397-3903', 2013, '20095'),
('Lacus Varius Inc.', '2048 X 1080', '315028-5017', 2015, '20049'),
('Erat Eget Tincidunt LLP', '1920 X 1080', '333163-7334', 2014, '20031'),
('Diam Institute', '1920 X 1080', '345232-5404', 2014, '20034'),
('Ipsum Associates', '4096 X 2160', '368155-6837', 2013, '20076'),
('Vel Vulputate Eu Ltd', '2048 X 1080', '377496-3692', 2013, '20085'),
('Urna Convallis Industries', '4096 X 2160', '382208-9011', 2014, '20032'),
('Donec Tincidunt PC', '4096 X 2160', '398584-7882', 2013, '20078'),
('Fringilla Donec Consulting', '1600 X 1200', '399259-0798', 2013, '20087'),
('Fringilla Limited', '1920 X 1080', '399779-0500', 2015, '20064'),
('Aliquam Nisl Nulla Corporation', '1920 X 1080', '413441-5860', 2015, '20058'),
('Taciti Incorporated', '1920 X 1080', '418728-3827', 2016, '20009'),
('Dui Nec Urna Corp.', '2048 X 1080', '435455-8209', 2013, '20075'),
('Tortor Integer Associates', '2048 X 1080', '435586-6296', 2014, '20036'),
('Enim LLC', '4096 X 2160', '448741-3546', 2013, '20091'),
('Aliquam Nisl Nulla Associates', '1600 X 1200', '457646-1554', 2013, '20082'),
('Malesuada Malesuada Integer Foundation', '1600 X 1200', '467533-8828', 2016, '20018'),
('Integer Sem Elit Ltd', '1920 X 1080', '503438-5350', 2015, '20046'),
('Augue Associates', '4096 X 2160', '505808-8195', 2016, '20001'),
('Auctor Ullamcorper Nisl LLC', '1600 X 1200', '528604-7724', 2014, '20028'),
('A Limited', '1920 X 1080', '528793-3658', 2013, '20092'),
('In Faucibus Industries', '4096 X 2160', '534922-0268', 2016, '20021'),
('Proin Dolor Company', '2048 X 1080', '545863-1925', 2013, '20068'),
('Tortor PC', '4096 X 2160', '553063-0408', 2016, '20002'),
('Praesent Consulting', '1920 X 1080', '556500-1988', 2016, '20007'),
('Nunc Ullamcorper Eu PC', '4096 X 2160', '569317-5480', 2014, '20025'),
('Dolor Sit Amet Incorporated', '2048 X 1080', '573257-2580', 2013, '20088'),
('Per Inceptos Hymenaeos Consulting', '1600 X 1200', '574808-0131', 2016, '20008'),
('Donec Est Nunc Institute', '1600 X 1200', '575613-0984', 2016, '20003'),
('Aliquam Tincidunt Nunc LLP', '2048 X 1080', '587973-8226', 2014, '20039'),
('Massa Corporation', '1920 X 1080', '592586-4257', 2014, '20040'),
('Velit Company', '4096 X 2160', '593773-8671', 2013, '20089'),
('Cras Eget LLP', '1920 X 1080', '593922-2658', 2014, '20037'),
('Mi Foundation', '2048 X 1080', '599489-8939', 2014, '20042'),
('Mollis Corp.', '4096 X 2160', '609595-6345', 2013, '20086'),
('Faucibus Inc.', '2048 X 1080', '616257-1944', 2015, '20050'),
('Lectus Corp.', '1920 X 1080', '616950-7644', 2016, '20011'),
('Diam Luctus Lobortis Foundation', '4096 X 2160', '628908-2973', 2013, '20099'),
('Tincidunt Tempus Risus Industries', '2048 X 1080', '634560-3713', 2014, '20026'),
('Dis Parturient Montes Corp.', '4096 X 2160', '656302-2125', 2016, '20017'),
('At Risus Ltd', '4096 X 2160', '663841-3317', 2016, '20006'),
('Nulla Foundation', '2048 X 1080', '678533-2179', 2015, '20060'),
('Ut Corp.', '2048 X 1080', '684538-8146', 2014, '20043'),
('Ut Pharetra Corporation', '2048 X 1080', '693335-9637', 2015, '20059'),
('Sed Neque Sed Associates', '2048 X 1080', '737008-3888', 2013, '20067'),
('Est LLP', '1600 X 1200', '743253-0363', 2016, '20019'),
('Sociis Natoque Ltd', '2048 X 1080', '744476-3424', 2015, '20054'),
('Cursus Ltd', '1600 X 1200', '746032-2923', 2014, '20029'),
('Odio Aliquam Industries', '1920 X 1080', '749127-5587', 2015, '20051'),
('Enim Diam Vel Institute', '2048 X 1080', '758764-5883', 2015, '20057'),
('Aliquet Metus Urna Limited', '1600 X 1200', '795203-6890', 2014, '20038'),
('Nisi Aenean Eget Corporation', '2048 X 1080', '798212-1050', 2015, '20055'),
('Pede Ac Urna Foundation', '2048 X 1080', '813485-1545', 2016, '20022'),
('Mi Limited', '2048 X 1080', '835446-9549', 2013, '20083'),
('Non Feugiat Nec Company', '2048 X 1080', '838589-0176', 2015, '20048'),
('Natoque Penatibus Et Associates', '1920 X 1080', '846269-4012', 2016, '20005'),
('Neque Ltd', '2048 X 1080', '854632-1624', 2014, '20030'),
('In Faucibus Associates', '2048 X 1080', '866920-5190', 2015, '20066'),
('Dictum LLC', '4096 X 2160', '894709-5454', 2016, '20012'),
('Cras Convallis Foundation', '2048 X 1080', '913355-2068', 2015, '20062'),
('Nisl Quisque Fringilla Industries', '1600 X 1200', '919264-0390', 2016, '20013'),
('Consectetuer Rhoncus Nullam Corporation', '1600 X 1200', '922713-6661', 2015, '20056'),
('Proin Corp.', '2048 X 1080', '923156-5061', 2014, '20041'),
('Purus In Molestie Associates', '2048 X 1080', '936674-0158', 2015, '20047'),
('Neque Nullam Associates', '2048 X 1080', '944328-5987', 2015, '20061'),
('Neque Incorporated', '2048 X 1080', '945580-7702', 2015, '20052'),
('Libero LLC', '1600 X 1200', '968215-4969', 2013, '20097'),
('Id Magna Et Associates', '1600 X 1200', '975417-3327', 2014, '20023'),
('Donec Sollicitudin Adipiscing LLC', '2048 X 1080', '975663-8053', 2015, '20045'),
('Dui Nec Urna Institute', '4096 X 2160', '983658-5498', 2016, '20004');

-- --------------------------------------------------------

--
-- 資料表結構 `memory`
--

CREATE TABLE `memory` (
  `Size` int(11) NOT NULL,
  `MemorySerial` varchar(50) NOT NULL,
  `RAMSpeed` int(11) NOT NULL,
  `Upgraded` varchar(50) NOT NULL,
  `SerialNo` varchar(50) NOT NULL
) ENGINE=InnoDB DEFAULT CHARSET=latin1;

--
-- 資料表的匯出資料 `memory`
--

INSERT INTO `memory` (`Size`, `MemorySerial`, `RAMSpeed`, `Upgraded`, `SerialNo`) VALUES
(695, '035C30ED-3779-2D41-26ED-B300010F11AA', 2902, 'yes', '20027'),
(867, '08D84C77-A9DC-F39A-8008-89A37F15ED8A', 3718, 'yes', '20055'),
(361, '09044D2B-6F66-5EEE-F21E-3388A0CFC74A', 2275, 'yes', '20013'),
(262, '0B3A7BAE-4F20-B121-3A5B-370F3A96F8E3', 3216, 'no', '20074'),
(340, '0BA95F79-EBE7-02A4-D50A-947C38ABBB68', 4115, 'yes', '20060'),
(17, '0CCB3627-53E1-2030-FC0D-2CD8BD5650AB', 2945, 'yes', '20031'),
(838, '0EAC5FF0-B975-4149-9237-25190D463B86', 596, 'no', '20083'),
(261, '1031E1EE-07A9-02E9-B9FD-13766A5757E2', 2522, 'yes', '20024'),
(58, '13A34410-57EF-7610-7530-909097FB2ADA', 2205, 'no', '20076'),
(3, '15D77422-583E-D436-6DBA-73CF88837BD1', 702, 'no', '20040'),
(472, '1998C03F-FB91-19CC-9B79-F66A7BE64AB6', 3009, 'no', '20038'),
(567, '1A60BE58-F20A-D4AD-7621-DAD74B85BEE7', 4657, 'no', '20075'),
(478, '1CD5D34A-008C-FFFF-5CD0-F4BCDDADE1EA', 3955, 'yes', '20051'),
(357, '24B79119-08E4-A4A1-B2F5-D6096FB74BD5', 1539, 'yes', '20003'),
(442, '285509DB-7748-E830-8E9C-45D2CF482555', 4811, 'yes', '20049'),
(695, '2AF6231A-F248-526C-F555-0646F6FACB85', 2293, 'no', '20069'),
(504, '30CC8CFD-8301-D154-E0A8-1AB1811AF1D7', 3353, 'yes', '20015'),
(764, '312ED498-9320-6A7A-68F9-C7FBFE52B87B', 3568, 'yes', '20020'),
(786, '3184B2A3-1256-C876-6A62-94FDF0B0C0FB', 177, 'yes', '20007'),
(391, '34FA6D1A-C4C6-6314-53C7-31FEE6C1CCAE', 4154, 'no', '20096'),
(340, '38A4F4DA-3052-71A6-243B-B687AC67D5B3', 3014, 'yes', '20056'),
(676, '3B5E2EA1-CAE2-E9F1-02BC-4AEF6DD7D1F0', 2881, 'yes', '20092'),
(215, '3DA4F123-A3BC-2ED0-2505-6FA466411574', 3668, 'yes', '20090'),
(755, '3DEFF48A-F133-EF80-91F7-149CD16BD788', 1267, 'no', '20081'),
(989, '3DF693C1-950A-83AC-F8E7-E5C673F73179', 670, 'no', '20086'),
(998, '4035389A-F06C-68C6-0398-FA88FF1E432B', 1615, 'yes', '20089'),
(523, '41C04831-8763-F9D0-0B15-D6F976929108', 1683, 'no', '20078'),
(184, '41CFB937-00C5-3D9C-C057-C8CA7A75A0BD', 59, 'no', '20063'),
(914, '48024C63-3611-FA96-B493-9A8EE6729003', 3010, 'no', '20070'),
(303, '496EBEB1-1C5B-C4FD-2A9E-6DA6ED51CCDE', 1255, 'no', '20072'),
(309, '4D303F3C-01E8-F433-251F-534DB60A9B02', 595, 'no', '20085'),
(169, '53DF42BA-16D0-EC8E-238B-C736B7A5F0C1', 4120, 'yes', '20006'),
(505, '54F87D68-8441-DF22-5A40-BF6DB831CA59', 2461, 'yes', '20032'),
(226, '56FAEA85-83E5-405E-2DFC-5D07527823BE', 992, 'no', '20079'),
(266, '590A3A6A-8331-39A4-688D-641AD8CC1ECA', 3862, 'no', '20064'),
(935, '599A23E9-A7FE-D80B-B534-0665D703D7FC', 3749, 'yes', '20044'),
(85, '5AA36B7B-85FF-FFB4-B33F-037B0F8F70E9', 3557, 'yes', '20012'),
(584, '5D7894EE-08C5-91BE-FE69-9B1BC68A21EE', 896, 'yes', '20053'),
(431, '5DE729BA-955F-D8E0-5E77-5943B8522BEC', 350, 'no', '20071'),
(10, '5FDB4C12-C2F4-3B80-EEBF-6DE5828D8C2F', 3885, 'yes', '20009'),
(785, '5FF09092-58BB-6DB5-BFC4-10832477FF7E', 4875, 'yes', '20050'),
(377, '642C16F8-8C07-9EA5-613F-C3CC8B484C29', 2700, 'yes', '20062'),
(992, '6658B7C3-FE8E-DE0A-B189-29ACABFE7F8F', 1319, 'yes', '20022'),
(382, '66F18730-321F-2793-27AA-2C193007D990', 1399, 'no', '20073'),
(31, '692BD68F-06AA-91E1-AE28-9768007F59D5', 1309, 'no', '20041'),
(914, '6CADA49F-86BA-E7E0-7E25-094FB12F90B7', 1632, 'yes', '20057'),
(996, '716E6A8D-A347-FAD8-3D52-E5688E528F56', 2423, 'yes', '20045'),
(745, '72AFA506-4D4A-31D1-3D7D-6DE22B2E5303', 1421, 'no', '20033'),
(375, '7933D980-E76D-5800-A499-C45A59954A56', 313, 'yes', '20046'),
(316, '7C309BAC-4012-BB4B-25B7-9E95B5A901BF', 916, 'yes', '20008'),
(66, '7F6CC043-8965-B61F-383B-C4D6C124C1E9', 4094, 'no', '20080'),
(511, '80C2C12F-2053-E31B-ABBD-49D9A8456BE7', 448, 'no', '20042'),
(803, '8172C209-FDAD-9A70-6CBC-E8376004B1C9', 1448, 'no', '20097'),
(687, '830B3713-2B8C-A2A5-27F1-75B258114BA6', 672, 'no', '20039'),
(349, '8455EFC3-1951-9107-481D-0A00C7C5D6CB', 3042, 'yes', '20052'),
(895, '853AF719-ADB4-9007-1E3F-2A46BC969344', 3233, 'no', '20035'),
(563, '873ACEFF-D430-F193-57E0-A27AE1CC37E9', 794, 'yes', '20048'),
(588, '87F06B92-BC0D-E374-C3D4-FB431079A389', 3729, 'yes', '20018'),
(175, '8C682326-8043-3AD2-D889-957F000F7D86', 3411, 'no', '20065'),
(37, '8CBDC959-BAA2-118E-A697-1BE838CDEF51', 4076, 'yes', '20054'),
(166, '8CE7D641-1883-33DF-DEED-BBBD87D086DA', 1528, 'yes', '20023'),
(802, '9424E97A-5333-4EE9-B678-97C922AA0AFD', 699, 'yes', '20088'),
(804, '959DC987-BEC3-E7D2-06EB-07DC2E07D3AB', 1352, 'yes', '20047'),
(534, '96258957-5399-E41D-859C-FD462F44B4B8', 1626, 'no', '20037'),
(891, '98A1910C-8AE4-205A-489E-D74B8EC256E4', 1258, 'no', '20098'),
(510, '99F5AD8A-6478-B748-33B1-248BB39B927B', 3367, 'yes', '20017'),
(779, '9CCF43E9-7A1C-27A9-2711-FD4CF7F6C9C8', 4541, 'yes', '20029'),
(996, 'A170F0F3-827E-AF55-4BE3-DA10363C2746', 4538, 'yes', '20030'),
(37, 'A5113A51-B679-EDB6-8D53-30DD67190719', 4685, 'yes', '20014'),
(473, 'A8850813-11B8-1FE7-83BA-140956723474', 3881, 'yes', '20095'),
(56, 'A8DD5158-E8A4-A500-10F2-3C48E8D35201', 3696, 'yes', '20061'),
(334, 'ACCDCC93-683D-341A-D297-63CA9E14119D', 4654, 'yes', '20093'),
(624, 'AE9B33B4-D52E-FA4F-5E96-001E63F95D58', 984, 'no', '20034'),
(277, 'B51D8542-D7B1-2F60-F325-B45549742B9C', 820, 'no', '20084'),
(444, 'B78D0F37-4F40-F37D-D98F-34F5CE020782', 1071, 'yes', '20019'),
(258, 'B943453F-24BB-BDA3-EA64-9CFF94A24416', 158, 'no', '20077'),
(612, 'B9D4E4BD-7B96-B284-14D0-30A9F3153B3A', 468, 'yes', '20094'),
(938, 'BA87FE1F-AB48-EB1C-2FD3-1F72EF30F063', 4226, 'yes', '20091'),
(663, 'BE5902DF-548C-1BFC-5CF7-300B20D8B95B', 2788, 'no', '20036'),
(385, 'BEDB31ED-B9EB-898C-48B6-70FCC65F7B66', 265, 'yes', '20028'),
(190, 'C0E51E27-93B9-3F5F-28CC-8825AF52027C', 3581, 'no', '20068'),
(95, 'C25383F0-2681-39B4-F55E-2D747711AD4E', 324, 'no', '20067'),
(45, 'C61A2147-6CDC-5C11-98C7-241CA8E8156C', 3857, 'yes', '20016'),
(738, 'C6F685DA-D720-F1E1-BB2A-CE792D0EF65F', 4067, 'yes', '20002'),
(18, 'C8290721-66B8-5829-C726-593B5BBF3D8B', 1125, 'no', '20043'),
(278, 'CE03B8EE-F0F1-B63B-E3DE-2EC80FBF2C29', 1065, 'yes', '20001'),
(464, 'CECF6121-DC24-CD4F-A536-08C863C498CE', 1775, 'yes', '20087'),
(290, 'D2C22C24-2521-1301-463F-B75C8E1A75A6', 3817, 'yes', '20011'),
(800, 'D390251B-D181-FF8C-2988-8DD2A2840D6E', 1946, 'yes', '20059'),
(222, 'D6E43DF1-6DEB-B57B-5AF0-54A4B964F2CE', 4471, 'no', '20100'),
(300, 'D874B4D4-D1DB-2D5E-70A1-710D2612FC14', 2103, 'no', '20099'),
(607, 'DDC1EB7D-597C-8D50-4EEF-B49B6E848FEC', 1113, 'yes', '20026'),
(239, 'E29C6FFF-6CA0-C4C9-F72E-A81C5CA06AE8', 2037, 'yes', '20004'),
(559, 'E36B0A1C-44D7-691F-6A06-AEC2D329147B', 1560, 'yes', '20010'),
(213, 'E75864F8-1A92-931B-927E-A797E28758F9', 126, 'yes', '20058'),
(819, 'E8413199-3F66-59DA-302D-94716588596D', 3385, 'yes', '20005'),
(727, 'EB7F5CB4-D935-C5A1-9CB1-89B81370A716', 2041, 'yes', '20021'),
(166, 'F25153CB-8414-A418-601D-9EF3FE2292AE', 1838, 'no', '20066'),
(414, 'F28C9D0D-DB42-21E9-9406-B33082D5E13A', 919, 'yes', '20025'),
(74, 'F4492715-2ED6-3AD1-F06F-4798508FC062', 3277, 'no', '20082');

-- --------------------------------------------------------

--
-- 資料表結構 `MemoryD`
--

CREATE TABLE `MemoryD` (
  `MemorySerial` varchar(50) NOT NULL,
  `Size` int(11) NOT NULL,
  `RAMSpeed` int(11) NOT NULL,
  `MemoryKey` int(10) UNSIGNED NOT NULL
) ENGINE=InnoDB DEFAULT CHARSET=latin1;

--
-- 資料表的匯出資料 `MemoryD`
--

INSERT INTO `MemoryD` (`MemorySerial`, `Size`, `RAMSpeed`, `MemoryKey`) VALUES
('035C30ED-3779-2D41-26ED-B300010F11AA', 695, 2902, 1),
('08D84C77-A9DC-F39A-8008-89A37F15ED8A', 867, 3718, 2),
('09044D2B-6F66-5EEE-F21E-3388A0CFC74A', 361, 2275, 3),
('0B3A7BAE-4F20-B121-3A5B-370F3A96F8E3', 262, 3216, 4),
('0BA95F79-EBE7-02A4-D50A-947C38ABBB68', 340, 4115, 5),
('0CCB3627-53E1-2030-FC0D-2CD8BD5650AB', 17, 2945, 6),
('0EAC5FF0-B975-4149-9237-25190D463B86', 838, 596, 7),
('1031E1EE-07A9-02E9-B9FD-13766A5757E2', 261, 2522, 8),
('13A34410-57EF-7610-7530-909097FB2ADA', 58, 2205, 9),
('15D77422-583E-D436-6DBA-73CF88837BD1', 3, 702, 10),
('1998C03F-FB91-19CC-9B79-F66A7BE64AB6', 472, 3009, 11),
('1A60BE58-F20A-D4AD-7621-DAD74B85BEE7', 567, 4657, 12),
('1CD5D34A-008C-FFFF-5CD0-F4BCDDADE1EA', 478, 3955, 13),
('24B79119-08E4-A4A1-B2F5-D6096FB74BD5', 357, 1539, 14),
('285509DB-7748-E830-8E9C-45D2CF482555', 442, 4811, 15),
('2AF6231A-F248-526C-F555-0646F6FACB85', 695, 2293, 16),
('30CC8CFD-8301-D154-E0A8-1AB1811AF1D7', 504, 3353, 17),
('312ED498-9320-6A7A-68F9-C7FBFE52B87B', 764, 3568, 18),
('3184B2A3-1256-C876-6A62-94FDF0B0C0FB', 786, 177, 19),
('34FA6D1A-C4C6-6314-53C7-31FEE6C1CCAE', 391, 4154, 20),
('38A4F4DA-3052-71A6-243B-B687AC67D5B3', 340, 3014, 21),
('3B5E2EA1-CAE2-E9F1-02BC-4AEF6DD7D1F0', 676, 2881, 22),
('3DA4F123-A3BC-2ED0-2505-6FA466411574', 215, 3668, 23),
('3DEFF48A-F133-EF80-91F7-149CD16BD788', 755, 1267, 24),
('3DF693C1-950A-83AC-F8E7-E5C673F73179', 989, 670, 25),
('4035389A-F06C-68C6-0398-FA88FF1E432B', 998, 1615, 26),
('41C04831-8763-F9D0-0B15-D6F976929108', 523, 1683, 27),
('41CFB937-00C5-3D9C-C057-C8CA7A75A0BD', 184, 59, 28),
('48024C63-3611-FA96-B493-9A8EE6729003', 914, 3010, 29),
('496EBEB1-1C5B-C4FD-2A9E-6DA6ED51CCDE', 303, 1255, 30),
('4D303F3C-01E8-F433-251F-534DB60A9B02', 309, 595, 31),
('53DF42BA-16D0-EC8E-238B-C736B7A5F0C1', 169, 4120, 32),
('54F87D68-8441-DF22-5A40-BF6DB831CA59', 505, 2461, 33),
('56FAEA85-83E5-405E-2DFC-5D07527823BE', 226, 992, 34),
('590A3A6A-8331-39A4-688D-641AD8CC1ECA', 266, 3862, 35),
('599A23E9-A7FE-D80B-B534-0665D703D7FC', 935, 3749, 36),
('5AA36B7B-85FF-FFB4-B33F-037B0F8F70E9', 85, 3557, 37),
('5D7894EE-08C5-91BE-FE69-9B1BC68A21EE', 584, 896, 38),
('5DE729BA-955F-D8E0-5E77-5943B8522BEC', 431, 350, 39),
('5FDB4C12-C2F4-3B80-EEBF-6DE5828D8C2F', 10, 3885, 40),
('5FF09092-58BB-6DB5-BFC4-10832477FF7E', 785, 4875, 41),
('642C16F8-8C07-9EA5-613F-C3CC8B484C29', 377, 2700, 42),
('6658B7C3-FE8E-DE0A-B189-29ACABFE7F8F', 992, 1319, 43),
('66F18730-321F-2793-27AA-2C193007D990', 382, 1399, 44),
('692BD68F-06AA-91E1-AE28-9768007F59D5', 31, 1309, 45),
('6CADA49F-86BA-E7E0-7E25-094FB12F90B7', 914, 1632, 46),
('716E6A8D-A347-FAD8-3D52-E5688E528F56', 996, 2423, 47),
('72AFA506-4D4A-31D1-3D7D-6DE22B2E5303', 745, 1421, 48),
('7933D980-E76D-5800-A499-C45A59954A56', 375, 313, 49),
('7C309BAC-4012-BB4B-25B7-9E95B5A901BF', 316, 916, 50),
('7F6CC043-8965-B61F-383B-C4D6C124C1E9', 66, 4094, 51),
('80C2C12F-2053-E31B-ABBD-49D9A8456BE7', 511, 448, 52),
('8172C209-FDAD-9A70-6CBC-E8376004B1C9', 803, 1448, 53),
('830B3713-2B8C-A2A5-27F1-75B258114BA6', 687, 672, 54),
('8455EFC3-1951-9107-481D-0A00C7C5D6CB', 349, 3042, 55),
('853AF719-ADB4-9007-1E3F-2A46BC969344', 895, 3233, 56),
('873ACEFF-D430-F193-57E0-A27AE1CC37E9', 563, 794, 57),
('87F06B92-BC0D-E374-C3D4-FB431079A389', 588, 3729, 58),
('8C682326-8043-3AD2-D889-957F000F7D86', 175, 3411, 59),
('8CBDC959-BAA2-118E-A697-1BE838CDEF51', 37, 4076, 60),
('8CE7D641-1883-33DF-DEED-BBBD87D086DA', 166, 1528, 61),
('9424E97A-5333-4EE9-B678-97C922AA0AFD', 802, 699, 62),
('959DC987-BEC3-E7D2-06EB-07DC2E07D3AB', 804, 1352, 63),
('96258957-5399-E41D-859C-FD462F44B4B8', 534, 1626, 64),
('98A1910C-8AE4-205A-489E-D74B8EC256E4', 891, 1258, 65),
('99F5AD8A-6478-B748-33B1-248BB39B927B', 510, 3367, 66),
('9CCF43E9-7A1C-27A9-2711-FD4CF7F6C9C8', 779, 4541, 67),
('A170F0F3-827E-AF55-4BE3-DA10363C2746', 996, 4538, 68),
('A5113A51-B679-EDB6-8D53-30DD67190719', 37, 4685, 69),
('A8850813-11B8-1FE7-83BA-140956723474', 473, 3881, 70),
('A8DD5158-E8A4-A500-10F2-3C48E8D35201', 56, 3696, 71),
('ACCDCC93-683D-341A-D297-63CA9E14119D', 334, 4654, 72),
('AE9B33B4-D52E-FA4F-5E96-001E63F95D58', 624, 984, 73),
('B51D8542-D7B1-2F60-F325-B45549742B9C', 277, 820, 74),
('B78D0F37-4F40-F37D-D98F-34F5CE020782', 444, 1071, 75),
('B943453F-24BB-BDA3-EA64-9CFF94A24416', 258, 158, 76),
('B9D4E4BD-7B96-B284-14D0-30A9F3153B3A', 612, 468, 77),
('BA87FE1F-AB48-EB1C-2FD3-1F72EF30F063', 938, 4226, 78),
('BE5902DF-548C-1BFC-5CF7-300B20D8B95B', 663, 2788, 79),
('BEDB31ED-B9EB-898C-48B6-70FCC65F7B66', 385, 265, 80),
('C0E51E27-93B9-3F5F-28CC-8825AF52027C', 190, 3581, 81),
('C25383F0-2681-39B4-F55E-2D747711AD4E', 95, 324, 82),
('C61A2147-6CDC-5C11-98C7-241CA8E8156C', 45, 3857, 83),
('C6F685DA-D720-F1E1-BB2A-CE792D0EF65F', 738, 4067, 84),
('C8290721-66B8-5829-C726-593B5BBF3D8B', 18, 1125, 85),
('CE03B8EE-F0F1-B63B-E3DE-2EC80FBF2C29', 278, 1065, 86),
('CECF6121-DC24-CD4F-A536-08C863C498CE', 464, 1775, 87),
('D2C22C24-2521-1301-463F-B75C8E1A75A6', 290, 3817, 88),
('D390251B-D181-FF8C-2988-8DD2A2840D6E', 800, 1946, 89),
('D6E43DF1-6DEB-B57B-5AF0-54A4B964F2CE', 222, 4471, 90),
('D874B4D4-D1DB-2D5E-70A1-710D2612FC14', 300, 2103, 91),
('DDC1EB7D-597C-8D50-4EEF-B49B6E848FEC', 607, 1113, 92),
('E29C6FFF-6CA0-C4C9-F72E-A81C5CA06AE8', 239, 2037, 93),
('E36B0A1C-44D7-691F-6A06-AEC2D329147B', 559, 1560, 94),
('E75864F8-1A92-931B-927E-A797E28758F9', 213, 126, 95),
('E8413199-3F66-59DA-302D-94716588596D', 819, 3385, 96),
('EB7F5CB4-D935-C5A1-9CB1-89B81370A716', 727, 2041, 97),
('F25153CB-8414-A418-601D-9EF3FE2292AE', 166, 1838, 98),
('F28C9D0D-DB42-21E9-9406-B33082D5E13A', 414, 919, 99),
('F4492715-2ED6-3AD1-F06F-4798508FC062', 74, 3277, 100);

-- --------------------------------------------------------

--
-- 資料表結構 `retailer`
--

CREATE TABLE `retailer` (
  `Name` varchar(50) NOT NULL,
  `RetailerID` varchar(50) NOT NULL,
  `NetSold` int(11) NOT NULL,
  `Stock` int(11) NOT NULL,
  `InventoryID` varchar(50) NOT NULL
) ENGINE=InnoDB DEFAULT CHARSET=latin1;

--
-- 資料表的匯出資料 `retailer`
--

INSERT INTO `retailer` (`Name`, `RetailerID`, `NetSold`, `Stock`, `InventoryID`) VALUES
('Sem PC', 'Ret01', 5, 35, 'C-1'),
('Phasellus Ornare Company', 'Ret02', 6, 66, 'C-2'),
('At Ltd', 'Ret03', 23, 77, 'C-3'),
('Maecenas Mi Felis Institute', 'Ret04', 5, 65, 'C-4'),
('Tempus Associates', 'Ret05', 28, 60, 'C-5'),
('A Scelerisque Sed Company', 'Ret06', 6, 75, 'C-6'),
('In PC', 'Ret07', 12, 30, 'C-7'),
('Semper Egestas LLC', 'Ret08', 24, 37, 'C-8'),
('Aliquam Iaculis Lacus Inc.', 'Ret09', 29, 54, 'C-9'),
('Aliquam Arcu Aliquam Consulting', 'Ret10', 22, 28, 'C-10'),
('At Auctor LLC', 'Ret100', 23, 57, 'C-100'),
('Est Institute', 'Ret11', 3, 50, 'C-11'),
('Eu Ltd', 'Ret12', 15, 46, 'C-12'),
('Nunc Sed Libero Industries', 'Ret13', 26, 67, 'C-13'),
('Bibendum Ullamcorper Duis Limited', 'Ret14', 25, 57, 'C-14'),
('Suspendisse Company', 'Ret15', 30, 33, 'C-15'),
('Sem Elit Pharetra LLC', 'Ret16', 27, 66, 'C-16'),
('Eros Proin Ultrices Associates', 'Ret17', 12, 36, 'C-17'),
('Ullamcorper Nisl Incorporated', 'Ret18', 20, 63, 'C-18'),
('Semper Corp.', 'Ret19', 25, 45, 'C-19'),
('Mi Ac Mattis LLP', 'Ret20', 7, 36, 'C-20'),
('Et Malesuada Incorporated', 'Ret21', 13, 45, 'C-21'),
('Neque Pellentesque LLP', 'Ret22', 21, 55, 'C-22'),
('Consectetuer Corporation', 'Ret23', 17, 37, 'C-23'),
('Sem Pellentesque Consulting', 'Ret24', 25, 35, 'C-24'),
('Enim Condimentum Eget Consulting', 'Ret25', 17, 66, 'C-25'),
('Donec Corp.', 'Ret26', 24, 43, 'C-26'),
('Et Ultrices Inc.', 'Ret27', 4, 69, 'C-27'),
('Nulla Semper Consulting', 'Ret28', 19, 47, 'C-28'),
('Neque Corporation', 'Ret29', 27, 28, 'C-29'),
('Suspendisse Institute', 'Ret30', 9, 74, 'C-30'),
('Proin Eget Ltd', 'Ret31', 24, 56, 'C-31'),
('Faucibus Orci Incorporated', 'Ret32', 24, 49, 'C-32'),
('Et LLC', 'Ret33', 23, 44, 'C-33'),
('Augue Porttitor Interdum Institute', 'Ret34', 9, 35, 'C-34'),
('Consectetuer Adipiscing Elit Corporation', 'Ret35', 4, 23, 'C-35'),
('Ornare Placerat Ltd', 'Ret36', 5, 27, 'C-36'),
('Ante Ipsum Corporation', 'Ret37', 29, 53, 'C-37'),
('Turpis Institute', 'Ret38', 3, 43, 'C-38'),
('Tristique Neque Venenatis Limited', 'Ret39', 27, 77, 'C-39'),
('Suspendisse LLP', 'Ret40', 27, 75, 'C-40'),
('Tempus Mauris Inc.', 'Ret41', 23, 56, 'C-41'),
('Dolor Limited', 'Ret42', 21, 73, 'C-42'),
('Morbi Tristique Senectus Institute', 'Ret43', 3, 57, 'C-43'),
('At Velit Foundation', 'Ret44', 5, 76, 'C-44'),
('Feugiat Sed Associates', 'Ret45', 26, 36, 'C-45'),
('Sit Amet Associates', 'Ret46', 28, 39, 'C-46'),
('Erat Etiam Vestibulum PC', 'Ret47', 30, 69, 'C-47'),
('Sed Est Foundation', 'Ret48', 15, 57, 'C-48'),
('Fringilla Purus PC', 'Ret49', 6, 36, 'C-49'),
('Tincidunt Neque Vitae Ltd', 'Ret50', 23, 33, 'C-50'),
('Risus Duis Ltd', 'Ret51', 16, 61, 'C-51'),
('Vitae Foundation', 'Ret52', 19, 71, 'C-52'),
('Dictum Proin Eget LLC', 'Ret53', 12, 65, 'C-53'),
('Sed PC', 'Ret54', 24, 69, 'C-54'),
('Sed Et Libero Institute', 'Ret55', 15, 76, 'C-55'),
('Urna Suscipit Consulting', 'Ret56', 25, 30, 'C-56'),
('Vel Convallis Incorporated', 'Ret57', 4, 47, 'C-57'),
('Adipiscing Lacus Ut PC', 'Ret58', 18, 24, 'C-58'),
('Fusce Mollis Duis Corporation', 'Ret59', 15, 31, 'C-59'),
('Nulla Company', 'Ret60', 21, 38, 'C-60'),
('Enim Non Nisi Corp.', 'Ret61', 16, 26, 'C-61'),
('Ornare Libero Company', 'Ret62', 24, 64, 'C-62'),
('Tempus Associates', 'Ret63', 11, 58, 'C-63'),
('Quisque Purus Inc.', 'Ret64', 30, 59, 'C-64'),
('Ornare Fusce Limited', 'Ret65', 28, 38, 'C-65'),
('Interdum Consulting', 'Ret66', 16, 53, 'C-66'),
('Sem Institute', 'Ret67', 18, 22, 'C-67'),
('Vehicula Associates', 'Ret68', 24, 76, 'C-68'),
('Ac Consulting', 'Ret69', 7, 40, 'C-69'),
('Risus Nunc Ac Company', 'Ret70', 9, 29, 'C-70'),
('Tellus Nunc Lectus PC', 'Ret71', 21, 22, 'C-71'),
('Lorem Donec Limited', 'Ret72', 13, 75, 'C-72'),
('Non Associates', 'Ret73', 23, 33, 'C-73'),
('Dignissim Magna A Associates', 'Ret74', 15, 72, 'C-74'),
('Sem Corp.', 'Ret75', 13, 37, 'C-75'),
('Aliquam Eu Accumsan Incorporated', 'Ret76', 18, 45, 'C-76'),
('Eget Odio Aliquam LLC', 'Ret77', 24, 49, 'C-77'),
('Augue Scelerisque Mollis Incorporated', 'Ret78', 20, 70, 'C-78'),
('Ridiculus Mus Proin Consulting', 'Ret79', 30, 24, 'C-79'),
('Dolor Elit Pellentesque Ltd', 'Ret80', 20, 73, 'C-80'),
('Risus Duis A Consulting', 'Ret81', 28, 71, 'C-81'),
('Pede PC', 'Ret82', 23, 23, 'C-82'),
('Etiam Imperdiet Associates', 'Ret83', 18, 24, 'C-83'),
('Blandit Mattis Cras Institute', 'Ret84', 19, 72, 'C-84'),
('Tristique Aliquet Phasellus LLC', 'Ret85', 21, 75, 'C-85'),
('Semper Egestas Institute', 'Ret86', 11, 80, 'C-86'),
('Id Inc.', 'Ret87', 5, 68, 'C-87'),
('Orci Inc.', 'Ret88', 7, 31, 'C-88'),
('Sed Est Nunc Institute', 'Ret89', 26, 52, 'C-89'),
('Massa Integer Foundation', 'Ret90', 7, 52, 'C-90'),
('Tempus Non Lacinia LLC', 'Ret91', 17, 21, 'C-91'),
('Viverra Company', 'Ret92', 18, 24, 'C-92'),
('Vivamus Nisi Corporation', 'Ret93', 17, 75, 'C-93'),
('Felis LLC', 'Ret94', 17, 27, 'C-94'),
('Tellus Institute', 'Ret95', 27, 46, 'C-95'),
('Donec Non Justo Corporation', 'Ret96', 10, 47, 'C-96'),
('Laoreet Libero Institute', 'Ret97', 5, 59, 'C-97'),
('Non Lobortis Quis Limited', 'Ret98', 10, 24, 'C-98'),
('Lobortis Augue Incorporated', 'Ret99', 6, 29, 'C-99');

-- --------------------------------------------------------

--
-- 資料表結構 `retailproductionf`
--

CREATE TABLE `retailproductionf` (
  `ID` varchar(50) NOT NULL,
  `SerialNo` varchar(50) NOT NULL,
  `MemorySerial` varchar(50) NOT NULL,
  `StorageSerial` varchar(50) NOT NULL,
  `PriceSold` int(11) NOT NULL,
  `DaySold` date NOT NULL,
  `Deposit` int(11) DEFAULT NULL
) ENGINE=InnoDB DEFAULT CHARSET=latin1;

--
-- 資料表的匯出資料 `retailproductionf`
--

INSERT INTO `retailproductionf` (`ID`, `SerialNo`, `MemorySerial`, `StorageSerial`, `PriceSold`, `DaySold`, `Deposit`) VALUES
('T00001', '20001', 'CE03B8EE-F0F1-B63B-E3DE-2EC80FBF2C29', 'Sto001', 999, '0000-00-00', 33),
('T00002', '20002', 'C6F685DA-D720-F1E1-BB2A-CE792D0EF65F', 'Sto002', 1276, '0007-11-14', 61),
('T00003', '20003', '24B79119-08E4-A4A1-B2F5-D6096FB74BD5', 'Sto003', 1456, '0006-11-14', 65),
('T00004', '20004', 'E29C6FFF-6CA0-C4C9-F72E-A81C5CA06AE8', 'Sto004', 1111, '0009-08-15', 40),
('T00005', '20005', 'E8413199-3F66-59DA-302D-94716588596D', 'Sto005', 1223, '0000-00-00', 39),
('T00006', '20006', '53DF42BA-16D0-EC8E-238B-C736B7A5F0C1', 'Sto006', 898, '2012-05-15', 23),
('T00007', '20007', '3184B2A3-1256-C876-6A62-94FDF0B0C0FB', 'Sto007', 768, '0000-00-00', 74),
('T00008', '20008', '7C309BAC-4012-BB4B-25B7-9E95B5A901BF', 'Sto008', 989, '0007-12-14', 58),
('T00009', '20009', '5FDB4C12-C2F4-3B80-EEBF-6DE5828D8C2F', 'Sto009', 794, '0009-03-14', 77),
('T00010', '20010', 'E36B0A1C-44D7-691F-6A06-AEC2D329147B', 'Sto010', 984, '0003-10-15', 56),
('T00011', '20011', 'D2C22C24-2521-1301-463F-B75C8E1A75A6', 'Sto011', 1034, '0000-00-00', 40),
('T00012', '20012', '5AA36B7B-85FF-FFB4-B33F-037B0F8F70E9', 'Sto012', 1145, '0000-00-00', 59),
('T00013', '20013', '09044D2B-6F66-5EEE-F21E-3388A0CFC74A', 'Sto013', 1167, '0000-00-00', 45),
('T00014', '20014', 'A5113A51-B679-EDB6-8D53-30DD67190719', 'Sto014', 1568, '0000-00-00', 70),
('T00015', '20015', '30CC8CFD-8301-D154-E0A8-1AB1811AF1D7', 'Sto015', 1770, '0000-00-00', 70),
('T00016', '20016', 'C61A2147-6CDC-5C11-98C7-241CA8E8156C', 'Sto016', 1345, '0007-03-16', 70),
('T00017', '20017', '99F5AD8A-6478-B748-33B1-248BB39B927B', 'Sto017', 1332, '0000-00-00', 45),
('T00018', '20018', '87F06B92-BC0D-E374-C3D4-FB431079A389', 'Sto018', 1356, '0000-00-00', 36),
('T00019', '20019', 'B78D0F37-4F40-F37D-D98F-34F5CE020782', 'Sto019', 1678, '0000-00-00', 46),
('T00020', '20020', '312ED498-9320-6A7A-68F9-C7FBFE52B87B', 'Sto020', 1456, '0004-06-15', 77),
('T00021', '20021', 'EB7F5CB4-D935-C5A1-9CB1-89B81370A716', 'Sto021', 1234, '0000-00-00', 36),
('T00022', '20022', '6658B7C3-FE8E-DE0A-B189-29ACABFE7F8F', 'Sto022', 1098, '0000-00-00', 22),
('T00023', '20023', '8CE7D641-1883-33DF-DEED-BBBD87D086DA', 'Sto023', 1074, '0005-05-14', 26),
('T00024', '20024', '1031E1EE-07A9-02E9-B9FD-13766A5757E2', 'Sto024', 1077, '0007-10-14', 25),
('T00025', '20025', 'F28C9D0D-DB42-21E9-9406-B33082D5E13A', 'Sto025', 1574, '0000-00-00', 32),
('T00026', '20026', 'DDC1EB7D-597C-8D50-4EEF-B49B6E848FEC', 'Sto026', 1387, '0000-00-00', 31),
('T00027', '20027', '035C30ED-3779-2D41-26ED-B300010F11AA', 'Sto027', 1957, '0000-00-00', 64),
('T00028', '20028', 'BEDB31ED-B9EB-898C-48B6-70FCC65F7B66', 'Sto028', 1455, '2012-01-14', 62),
('T00029', '20029', '9CCF43E9-7A1C-27A9-2711-FD4CF7F6C9C8', 'Sto029', 1345, '0008-10-14', 56),
('T00030', '20030', 'A170F0F3-827E-AF55-4BE3-DA10363C2746', 'Sto030', 1112, '0008-11-15', 23),
('T00031', '20031', '0CCB3627-53E1-2030-FC0D-2CD8BD5650AB', 'Sto031', 1345, '0000-00-00', 58),
('T00032', '20032', '54F87D68-8441-DF22-5A40-BF6DB831CA59', 'Sto032', 988, '0000-00-00', 44),
('T00033', '20033', '72AFA506-4D4A-31D1-3D7D-6DE22B2E5303', 'Sto033', 1000, '0000-00-00', 31),
('T00034', '20034', 'AE9B33B4-D52E-FA4F-5E96-001E63F95D58', 'Sto034', 999, '0006-06-15', 77),
('T00035', '20035', '853AF719-ADB4-9007-1E3F-2A46BC969344', 'Sto035', 3117, '0004-07-15', 55),
('T00036', '20036', 'BE5902DF-548C-1BFC-5CF7-300B20D8B95B', 'Sto036', 645, '0003-02-14', 22),
('T00037', '20037', '96258957-5399-E41D-859C-FD462F44B4B8', 'Sto037', 353, '0000-00-00', 77),
('T00038', '20038', '1998C03F-FB91-19CC-9B79-F66A7BE64AB6', 'Sto038', 623, '2011-09-15', 60),
('T00039', '20039', '830B3713-2B8C-A2A5-27F1-75B258114BA6', 'Sto039', 423, '2010-08-14', 74),
('T00040', '20040', '15D77422-583E-D436-6DBA-73CF88837BD1', 'Sto040', 532, '0007-12-15', 60),
('T00041', '20041', '692BD68F-06AA-91E1-AE28-9768007F59D5', 'Sto041', 743, '0000-00-00', 75),
('T00042', '20042', '80C2C12F-2053-E31B-ABBD-49D9A8456BE7', 'Sto042', 543, '0000-00-00', 55),
('T00043', '20043', 'C8290721-66B8-5829-C726-593B5BBF3D8B', 'Sto043', 665, '0000-00-00', 52),
('T00044', '20044', '599A23E9-A7FE-D80B-B534-0665D703D7FC', 'Sto044', 452, '2010-02-16', 34),
('T00045', '20045', '716E6A8D-A347-FAD8-3D52-E5688E528F56', 'Sto045', 623, '0008-07-14', 60),
('T00046', '20046', '7933D980-E76D-5800-A499-C45A59954A56', 'Sto046', 765, '0009-03-14', 50),
('T00047', '20047', '959DC987-BEC3-E7D2-06EB-07DC2E07D3AB', 'Sto047', 711, '0000-00-00', 75),
('T00048', '20048', '873ACEFF-D430-F193-57E0-A27AE1CC37E9', 'Sto048', 727, '0000-00-00', 62),
('T00049', '20049', '285509DB-7748-E830-8E9C-45D2CF482555', 'Sto049', 643, '0000-00-00', 57),
('T00050', '20050', '5FF09092-58BB-6DB5-BFC4-10832477FF7E', 'Sto050', 773, '0007-06-16', 40),
('T00051', '20001', 'CE03B8EE-F0F1-B63B-E3DE-2EC80FBF2C29', 'Sto001', 753, '0004-08-14', 57),
('T00052', '20002', 'C6F685DA-D720-F1E1-BB2A-CE792D0EF65F', 'Sto002', 793, '0000-00-00', 26),
('T00053', '20003', '24B79119-08E4-A4A1-B2F5-D6096FB74BD5', 'Sto003', 789, '0000-00-00', 33),
('T00054', '20004', 'E29C6FFF-6CA0-C4C9-F72E-A81C5CA06AE8', 'Sto004', 777, '0000-00-00', 69),
('T00055', '20005', 'E8413199-3F66-59DA-302D-94716588596D', 'Sto005', 790, '0003-08-16', 56),
('T00056', '20006', '53DF42BA-16D0-EC8E-238B-C736B7A5F0C1', 'Sto006', 798, '0000-00-00', 60),
('T00057', '20007', '3184B2A3-1256-C876-6A62-94FDF0B0C0FB', 'Sto007', 2098, '0000-00-00', 22),
('T00058', '20008', '7C309BAC-4012-BB4B-25B7-9E95B5A901BF', 'Sto008', 2810, '0009-06-14', 24),
('T00059', '20009', '5FDB4C12-C2F4-3B80-EEBF-6DE5828D8C2F', 'Sto009', 1345, '0005-02-15', 46),
('T00060', '20010', 'E36B0A1C-44D7-691F-6A06-AEC2D329147B', 'Sto010', 1365, '0009-01-15', 52),
('T00061', '20011', 'D2C22C24-2521-1301-463F-B75C8E1A75A6', 'Sto011', 3131, '0003-03-14', 64),
('T00062', '20012', '5AA36B7B-85FF-FFB4-B33F-037B0F8F70E9', 'Sto012', 1660, '0000-00-00', 46),
('T00063', '20013', '09044D2B-6F66-5EEE-F21E-3388A0CFC74A', 'Sto013', 909, '0000-00-00', 53),
('T00064', '20014', 'A5113A51-B679-EDB6-8D53-30DD67190719', 'Sto014', 989, '0000-00-00', 22),
('T00065', '20015', '30CC8CFD-8301-D154-E0A8-1AB1811AF1D7', 'Sto015', 967, '0008-07-16', 49),
('T00066', '20016', 'C61A2147-6CDC-5C11-98C7-241CA8E8156C', 'Sto016', 900, '0000-00-00', 20),
('T00067', '20017', '99F5AD8A-6478-B748-33B1-248BB39B927B', 'Sto017', 994, '0006-06-16', 55),
('T00068', '20018', '87F06B92-BC0D-E374-C3D4-FB431079A389', 'Sto018', 948, '0003-08-15', 35),
('T00069', '20019', 'B78D0F37-4F40-F37D-D98F-34F5CE020782', 'Sto019', 848, '0006-12-15', 36),
('T00070', '20020', '312ED498-9320-6A7A-68F9-C7FBFE52B87B', 'Sto020', 1094, '0000-00-00', 60),
('T00071', '20021', 'EB7F5CB4-D935-C5A1-9CB1-89B81370A716', 'Sto021', 1098, '0000-00-00', 48),
('T00072', '20022', '6658B7C3-FE8E-DE0A-B189-29ACABFE7F8F', 'Sto022', 1857, '2010-02-15', 33),
('T00073', '20023', '8CE7D641-1883-33DF-DEED-BBBD87D086DA', 'Sto023', 890, '0008-02-15', 23),
('T00074', '20024', '1031E1EE-07A9-02E9-B9FD-13766A5757E2', 'Sto024', 888, '0006-08-14', 78),
('T00075', '20025', 'F28C9D0D-DB42-21E9-9406-B33082D5E13A', 'Sto025', 789, '2012-02-14', 46),
('T00076', '20026', 'DDC1EB7D-597C-8D50-4EEF-B49B6E848FEC', 'Sto026', 481, '0000-00-00', 30),
('T00077', '20027', '035C30ED-3779-2D41-26ED-B300010F11AA', 'Sto027', 234, '0002-05-15', 50),
('T00078', '20028', 'BEDB31ED-B9EB-898C-48B6-70FCC65F7B66', 'Sto028', 884, '0003-01-15', 58),
('T00079', '20029', '9CCF43E9-7A1C-27A9-2711-FD4CF7F6C9C8', 'Sto029', 295, '0004-04-14', 73),
('T00080', '20030', 'A170F0F3-827E-AF55-4BE3-DA10363C2746', 'Sto030', 160, '0000-00-00', 24),
('T00081', '20031', '0CCB3627-53E1-2030-FC0D-2CD8BD5650AB', 'Sto031', 624, '0000-00-00', 48),
('T00082', '20032', '54F87D68-8441-DF22-5A40-BF6DB831CA59', 'Sto032', 355, '2010-09-14', 55),
('T00083', '20033', '72AFA506-4D4A-31D1-3D7D-6DE22B2E5303', 'Sto033', 677, '0000-00-00', 78),
('T00084', '20034', 'AE9B33B4-D52E-FA4F-5E96-001E63F95D58', 'Sto034', 534, '0009-02-15', 24),
('T00085', '20035', '853AF719-ADB4-9007-1E3F-2A46BC969344', 'Sto035', 642, '0004-04-16', 35),
('T00086', '20036', 'BE5902DF-548C-1BFC-5CF7-300B20D8B95B', 'Sto036', 534, '0005-07-15', 63),
('T00087', '20037', '96258957-5399-E41D-859C-FD462F44B4B8', 'Sto037', 423, '0000-00-00', 28),
('T00088', '20038', '1998C03F-FB91-19CC-9B79-F66A7BE64AB6', 'Sto038', 523, '0000-00-00', 23),
('T00089', '20039', '830B3713-2B8C-A2A5-27F1-75B258114BA6', 'Sto039', 234, '0000-00-00', 47),
('T00090', '20040', '15D77422-583E-D436-6DBA-73CF88837BD1', 'Sto040', 235, '0000-00-00', 47),
('T00091', '20041', '692BD68F-06AA-91E1-AE28-9768007F59D5', 'Sto041', 171, '0002-04-14', 29),
('T00092', '20042', '80C2C12F-2053-E31B-ABBD-49D9A8456BE7', 'Sto042', 523, '0009-04-15', 73),
('T00093', '20043', 'C8290721-66B8-5829-C726-593B5BBF3D8B', 'Sto043', 123, '0000-00-00', 47),
('T00094', '20044', '599A23E9-A7FE-D80B-B534-0665D703D7FC', 'Sto044', 1038, '0001-12-15', 76),
('T00095', '20045', '716E6A8D-A347-FAD8-3D52-E5688E528F56', 'Sto045', 1938, '0000-00-00', 40),
('T00096', '20046', '7933D980-E76D-5800-A499-C45A59954A56', 'Sto046', 1847, '0008-10-15', 45),
('T00097', '20047', '959DC987-BEC3-E7D2-06EB-07DC2E07D3AB', 'Sto047', 998, '0000-00-00', 67),
('T00098', '20048', '873ACEFF-D430-F193-57E0-A27AE1CC37E9', 'Sto048', 939, '0000-00-00', 75),
('T00099', '20049', '285509DB-7748-E830-8E9C-45D2CF482555', 'Sto049', 838, '0000-00-00', 21),
('T00100', '20050', '5FF09092-58BB-6DB5-BFC4-10832477FF7E', 'Sto050', 938, '0008-08-16', 78);

-- --------------------------------------------------------

--
-- 資料表結構 `retailproductionfact`
--

CREATE TABLE `retailproductionfact` (
  `TransactionKey` int(10) UNSIGNED NOT NULL DEFAULT '0',
  `ComputerKey` int(10) UNSIGNED NOT NULL DEFAULT '0',
  `MemoryKey` int(10) UNSIGNED NOT NULL DEFAULT '0',
  `StorageKey` int(10) UNSIGNED NOT NULL DEFAULT '0',
  `PriceSold` int(11) NOT NULL,
  `DaySold` date NOT NULL,
  `Deposit` int(11) DEFAULT NULL
) ENGINE=InnoDB DEFAULT CHARSET=latin1;

--
-- 資料表的匯出資料 `retailproductionfact`
--

INSERT INTO `retailproductionfact` (`TransactionKey`, `ComputerKey`, `MemoryKey`, `StorageKey`, `PriceSold`, `DaySold`, `Deposit`) VALUES
(1, 1, 86, 1, 999, '0000-00-00', 33),
(51, 1, 86, 1, 753, '0004-08-14', 57),
(2, 2, 84, 2, 1276, '0007-11-14', 61),
(52, 2, 84, 2, 793, '0000-00-00', 26),
(3, 3, 14, 3, 1456, '0006-11-14', 65),
(53, 3, 14, 3, 789, '0000-00-00', 33),
(4, 4, 93, 4, 1111, '0009-08-15', 40),
(54, 4, 93, 4, 777, '0000-00-00', 69),
(5, 5, 96, 5, 1223, '0000-00-00', 39),
(55, 5, 96, 5, 790, '0003-08-16', 56),
(6, 6, 32, 6, 898, '2012-05-15', 23),
(56, 6, 32, 6, 798, '0000-00-00', 60),
(7, 7, 19, 7, 768, '0000-00-00', 74),
(57, 7, 19, 7, 2098, '0000-00-00', 22),
(8, 8, 50, 8, 989, '0007-12-14', 58),
(58, 8, 50, 8, 2810, '0009-06-14', 24),
(9, 9, 40, 9, 794, '0009-03-14', 77),
(59, 9, 40, 9, 1345, '0005-02-15', 46),
(10, 10, 94, 10, 984, '0003-10-15', 56),
(60, 10, 94, 10, 1365, '0009-01-15', 52),
(11, 11, 88, 11, 1034, '0000-00-00', 40),
(61, 11, 88, 11, 3131, '0003-03-14', 64),
(12, 12, 37, 12, 1145, '0000-00-00', 59),
(62, 12, 37, 12, 1660, '0000-00-00', 46),
(13, 13, 3, 13, 1167, '0000-00-00', 45),
(63, 13, 3, 13, 909, '0000-00-00', 53),
(14, 14, 69, 14, 1568, '0000-00-00', 70),
(64, 14, 69, 14, 989, '0000-00-00', 22),
(15, 15, 17, 15, 1770, '0000-00-00', 70),
(65, 15, 17, 15, 967, '0008-07-16', 49),
(16, 16, 83, 16, 1345, '0007-03-16', 70),
(66, 16, 83, 16, 900, '0000-00-00', 20),
(17, 17, 66, 17, 1332, '0000-00-00', 45),
(67, 17, 66, 17, 994, '0006-06-16', 55),
(18, 18, 58, 18, 1356, '0000-00-00', 36),
(68, 18, 58, 18, 948, '0003-08-15', 35),
(19, 19, 75, 19, 1678, '0000-00-00', 46),
(69, 19, 75, 19, 848, '0006-12-15', 36),
(20, 20, 18, 20, 1456, '0004-06-15', 77),
(70, 20, 18, 20, 1094, '0000-00-00', 60),
(21, 21, 97, 21, 1234, '0000-00-00', 36),
(71, 21, 97, 21, 1098, '0000-00-00', 48),
(22, 22, 43, 22, 1098, '0000-00-00', 22),
(72, 22, 43, 22, 1857, '2010-02-15', 33),
(23, 23, 61, 23, 1074, '0005-05-14', 26),
(73, 23, 61, 23, 890, '0008-02-15', 23),
(24, 24, 8, 24, 1077, '0007-10-14', 25),
(74, 24, 8, 24, 888, '0006-08-14', 78),
(25, 25, 99, 25, 1574, '0000-00-00', 32),
(75, 25, 99, 25, 789, '2012-02-14', 46),
(26, 26, 92, 26, 1387, '0000-00-00', 31),
(76, 26, 92, 26, 481, '0000-00-00', 30),
(27, 27, 1, 27, 1957, '0000-00-00', 64),
(77, 27, 1, 27, 234, '0002-05-15', 50),
(28, 28, 80, 28, 1455, '2012-01-14', 62),
(78, 28, 80, 28, 884, '0003-01-15', 58),
(29, 29, 67, 29, 1345, '0008-10-14', 56),
(79, 29, 67, 29, 295, '0004-04-14', 73),
(30, 30, 68, 30, 1112, '0008-11-15', 23),
(80, 30, 68, 30, 160, '0000-00-00', 24),
(31, 31, 6, 31, 1345, '0000-00-00', 58),
(81, 31, 6, 31, 624, '0000-00-00', 48),
(32, 32, 33, 32, 988, '0000-00-00', 44),
(82, 32, 33, 32, 355, '2010-09-14', 55),
(33, 33, 48, 33, 1000, '0000-00-00', 31),
(83, 33, 48, 33, 677, '0000-00-00', 78),
(34, 34, 73, 34, 999, '0006-06-15', 77),
(84, 34, 73, 34, 534, '0009-02-15', 24),
(35, 35, 56, 35, 3117, '0004-07-15', 55),
(85, 35, 56, 35, 642, '0004-04-16', 35),
(36, 36, 79, 36, 645, '0003-02-14', 22),
(86, 36, 79, 36, 534, '0005-07-15', 63),
(37, 37, 64, 37, 353, '0000-00-00', 77),
(87, 37, 64, 37, 423, '0000-00-00', 28),
(38, 38, 11, 38, 623, '2011-09-15', 60),
(88, 38, 11, 38, 523, '0000-00-00', 23),
(39, 39, 54, 39, 423, '2010-08-14', 74),
(89, 39, 54, 39, 234, '0000-00-00', 47),
(40, 40, 10, 40, 532, '0007-12-15', 60),
(90, 40, 10, 40, 235, '0000-00-00', 47),
(41, 41, 45, 41, 743, '0000-00-00', 75),
(91, 41, 45, 41, 171, '0002-04-14', 29),
(42, 42, 52, 42, 543, '0000-00-00', 55),
(92, 42, 52, 42, 523, '0009-04-15', 73),
(43, 43, 85, 43, 665, '0000-00-00', 52),
(93, 43, 85, 43, 123, '0000-00-00', 47),
(44, 44, 36, 44, 452, '2010-02-16', 34),
(94, 44, 36, 44, 1038, '0001-12-15', 76),
(45, 45, 47, 45, 623, '0008-07-14', 60),
(95, 45, 47, 45, 1938, '0000-00-00', 40),
(46, 46, 49, 46, 765, '0009-03-14', 50),
(96, 46, 49, 46, 1847, '0008-10-15', 45),
(47, 47, 63, 47, 711, '0000-00-00', 75),
(97, 47, 63, 47, 998, '0000-00-00', 67),
(48, 48, 57, 48, 727, '0000-00-00', 62),
(98, 48, 57, 48, 939, '0000-00-00', 75),
(49, 49, 15, 49, 643, '0000-00-00', 57),
(99, 49, 15, 49, 838, '0000-00-00', 21),
(50, 50, 41, 50, 773, '0007-06-16', 40),
(100, 50, 41, 50, 938, '0008-08-16', 78);

-- --------------------------------------------------------

--
-- 資料表結構 `retailproductionff`
--

CREATE TABLE `retailproductionff` (
  `ID` varchar(50) NOT NULL,
  `SerialNo` varchar(50) NOT NULL,
  `MemorySerial` varchar(50) NOT NULL,
  `StorageSerial` varchar(50) NOT NULL,
  `TransactionKey` int(10) UNSIGNED NOT NULL DEFAULT '0',
  `ComputerKey` int(10) UNSIGNED NOT NULL DEFAULT '0',
  `MemoryKey` int(10) UNSIGNED NOT NULL DEFAULT '0',
  `StorageKey` int(10) UNSIGNED NOT NULL DEFAULT '0',
  `PriceSold` int(11) NOT NULL,
  `DaySold` date NOT NULL,
  `Deposit` int(11) DEFAULT NULL
) ENGINE=InnoDB DEFAULT CHARSET=latin1;

--
-- 資料表的匯出資料 `retailproductionff`
--

INSERT INTO `retailproductionff` (`ID`, `SerialNo`, `MemorySerial`, `StorageSerial`, `TransactionKey`, `ComputerKey`, `MemoryKey`, `StorageKey`, `PriceSold`, `DaySold`, `Deposit`) VALUES
('T00001', '20001', 'CE03B8EE-F0F1-B63B-E3DE-2EC80FBF2C29', 'Sto001', 1, 1, 86, 1, 999, '0000-00-00', 33),
('T00051', '20001', 'CE03B8EE-F0F1-B63B-E3DE-2EC80FBF2C29', 'Sto001', 51, 1, 86, 1, 753, '0004-08-14', 57),
('T00002', '20002', 'C6F685DA-D720-F1E1-BB2A-CE792D0EF65F', 'Sto002', 2, 2, 84, 2, 1276, '0007-11-14', 61),
('T00052', '20002', 'C6F685DA-D720-F1E1-BB2A-CE792D0EF65F', 'Sto002', 52, 2, 84, 2, 793, '0000-00-00', 26),
('T00003', '20003', '24B79119-08E4-A4A1-B2F5-D6096FB74BD5', 'Sto003', 3, 3, 14, 3, 1456, '0006-11-14', 65),
('T00053', '20003', '24B79119-08E4-A4A1-B2F5-D6096FB74BD5', 'Sto003', 53, 3, 14, 3, 789, '0000-00-00', 33),
('T00004', '20004', 'E29C6FFF-6CA0-C4C9-F72E-A81C5CA06AE8', 'Sto004', 4, 4, 93, 4, 1111, '0009-08-15', 40),
('T00054', '20004', 'E29C6FFF-6CA0-C4C9-F72E-A81C5CA06AE8', 'Sto004', 54, 4, 93, 4, 777, '0000-00-00', 69),
('T00005', '20005', 'E8413199-3F66-59DA-302D-94716588596D', 'Sto005', 5, 5, 96, 5, 1223, '0000-00-00', 39),
('T00055', '20005', 'E8413199-3F66-59DA-302D-94716588596D', 'Sto005', 55, 5, 96, 5, 790, '0003-08-16', 56),
('T00006', '20006', '53DF42BA-16D0-EC8E-238B-C736B7A5F0C1', 'Sto006', 6, 6, 32, 6, 898, '2012-05-15', 23),
('T00056', '20006', '53DF42BA-16D0-EC8E-238B-C736B7A5F0C1', 'Sto006', 56, 6, 32, 6, 798, '0000-00-00', 60),
('T00007', '20007', '3184B2A3-1256-C876-6A62-94FDF0B0C0FB', 'Sto007', 7, 7, 19, 7, 768, '0000-00-00', 74),
('T00057', '20007', '3184B2A3-1256-C876-6A62-94FDF0B0C0FB', 'Sto007', 57, 7, 19, 7, 2098, '0000-00-00', 22),
('T00008', '20008', '7C309BAC-4012-BB4B-25B7-9E95B5A901BF', 'Sto008', 8, 8, 50, 8, 989, '0007-12-14', 58),
('T00058', '20008', '7C309BAC-4012-BB4B-25B7-9E95B5A901BF', 'Sto008', 58, 8, 50, 8, 2810, '0009-06-14', 24),
('T00009', '20009', '5FDB4C12-C2F4-3B80-EEBF-6DE5828D8C2F', 'Sto009', 9, 9, 40, 9, 794, '0009-03-14', 77),
('T00059', '20009', '5FDB4C12-C2F4-3B80-EEBF-6DE5828D8C2F', 'Sto009', 59, 9, 40, 9, 1345, '0005-02-15', 46),
('T00010', '20010', 'E36B0A1C-44D7-691F-6A06-AEC2D329147B', 'Sto010', 10, 10, 94, 10, 984, '0003-10-15', 56),
('T00060', '20010', 'E36B0A1C-44D7-691F-6A06-AEC2D329147B', 'Sto010', 60, 10, 94, 10, 1365, '0009-01-15', 52),
('T00011', '20011', 'D2C22C24-2521-1301-463F-B75C8E1A75A6', 'Sto011', 11, 11, 88, 11, 1034, '0000-00-00', 40),
('T00061', '20011', 'D2C22C24-2521-1301-463F-B75C8E1A75A6', 'Sto011', 61, 11, 88, 11, 3131, '0003-03-14', 64),
('T00012', '20012', '5AA36B7B-85FF-FFB4-B33F-037B0F8F70E9', 'Sto012', 12, 12, 37, 12, 1145, '0000-00-00', 59),
('T00062', '20012', '5AA36B7B-85FF-FFB4-B33F-037B0F8F70E9', 'Sto012', 62, 12, 37, 12, 1660, '0000-00-00', 46),
('T00013', '20013', '09044D2B-6F66-5EEE-F21E-3388A0CFC74A', 'Sto013', 13, 13, 3, 13, 1167, '0000-00-00', 45),
('T00063', '20013', '09044D2B-6F66-5EEE-F21E-3388A0CFC74A', 'Sto013', 63, 13, 3, 13, 909, '0000-00-00', 53),
('T00014', '20014', 'A5113A51-B679-EDB6-8D53-30DD67190719', 'Sto014', 14, 14, 69, 14, 1568, '0000-00-00', 70),
('T00064', '20014', 'A5113A51-B679-EDB6-8D53-30DD67190719', 'Sto014', 64, 14, 69, 14, 989, '0000-00-00', 22),
('T00015', '20015', '30CC8CFD-8301-D154-E0A8-1AB1811AF1D7', 'Sto015', 15, 15, 17, 15, 1770, '0000-00-00', 70),
('T00065', '20015', '30CC8CFD-8301-D154-E0A8-1AB1811AF1D7', 'Sto015', 65, 15, 17, 15, 967, '0008-07-16', 49),
('T00016', '20016', 'C61A2147-6CDC-5C11-98C7-241CA8E8156C', 'Sto016', 16, 16, 83, 16, 1345, '0007-03-16', 70),
('T00066', '20016', 'C61A2147-6CDC-5C11-98C7-241CA8E8156C', 'Sto016', 66, 16, 83, 16, 900, '0000-00-00', 20),
('T00017', '20017', '99F5AD8A-6478-B748-33B1-248BB39B927B', 'Sto017', 17, 17, 66, 17, 1332, '0000-00-00', 45),
('T00067', '20017', '99F5AD8A-6478-B748-33B1-248BB39B927B', 'Sto017', 67, 17, 66, 17, 994, '0006-06-16', 55),
('T00018', '20018', '87F06B92-BC0D-E374-C3D4-FB431079A389', 'Sto018', 18, 18, 58, 18, 1356, '0000-00-00', 36),
('T00068', '20018', '87F06B92-BC0D-E374-C3D4-FB431079A389', 'Sto018', 68, 18, 58, 18, 948, '0003-08-15', 35),
('T00019', '20019', 'B78D0F37-4F40-F37D-D98F-34F5CE020782', 'Sto019', 19, 19, 75, 19, 1678, '0000-00-00', 46),
('T00069', '20019', 'B78D0F37-4F40-F37D-D98F-34F5CE020782', 'Sto019', 69, 19, 75, 19, 848, '0006-12-15', 36),
('T00020', '20020', '312ED498-9320-6A7A-68F9-C7FBFE52B87B', 'Sto020', 20, 20, 18, 20, 1456, '0004-06-15', 77),
('T00070', '20020', '312ED498-9320-6A7A-68F9-C7FBFE52B87B', 'Sto020', 70, 20, 18, 20, 1094, '0000-00-00', 60),
('T00021', '20021', 'EB7F5CB4-D935-C5A1-9CB1-89B81370A716', 'Sto021', 21, 21, 97, 21, 1234, '0000-00-00', 36),
('T00071', '20021', 'EB7F5CB4-D935-C5A1-9CB1-89B81370A716', 'Sto021', 71, 21, 97, 21, 1098, '0000-00-00', 48),
('T00022', '20022', '6658B7C3-FE8E-DE0A-B189-29ACABFE7F8F', 'Sto022', 22, 22, 43, 22, 1098, '0000-00-00', 22),
('T00072', '20022', '6658B7C3-FE8E-DE0A-B189-29ACABFE7F8F', 'Sto022', 72, 22, 43, 22, 1857, '2010-02-15', 33),
('T00023', '20023', '8CE7D641-1883-33DF-DEED-BBBD87D086DA', 'Sto023', 23, 23, 61, 23, 1074, '0005-05-14', 26),
('T00073', '20023', '8CE7D641-1883-33DF-DEED-BBBD87D086DA', 'Sto023', 73, 23, 61, 23, 890, '0008-02-15', 23),
('T00024', '20024', '1031E1EE-07A9-02E9-B9FD-13766A5757E2', 'Sto024', 24, 24, 8, 24, 1077, '0007-10-14', 25),
('T00074', '20024', '1031E1EE-07A9-02E9-B9FD-13766A5757E2', 'Sto024', 74, 24, 8, 24, 888, '0006-08-14', 78),
('T00025', '20025', 'F28C9D0D-DB42-21E9-9406-B33082D5E13A', 'Sto025', 25, 25, 99, 25, 1574, '0000-00-00', 32),
('T00075', '20025', 'F28C9D0D-DB42-21E9-9406-B33082D5E13A', 'Sto025', 75, 25, 99, 25, 789, '2012-02-14', 46),
('T00026', '20026', 'DDC1EB7D-597C-8D50-4EEF-B49B6E848FEC', 'Sto026', 26, 26, 92, 26, 1387, '0000-00-00', 31),
('T00076', '20026', 'DDC1EB7D-597C-8D50-4EEF-B49B6E848FEC', 'Sto026', 76, 26, 92, 26, 481, '0000-00-00', 30),
('T00027', '20027', '035C30ED-3779-2D41-26ED-B300010F11AA', 'Sto027', 27, 27, 1, 27, 1957, '0000-00-00', 64),
('T00077', '20027', '035C30ED-3779-2D41-26ED-B300010F11AA', 'Sto027', 77, 27, 1, 27, 234, '0002-05-15', 50),
('T00028', '20028', 'BEDB31ED-B9EB-898C-48B6-70FCC65F7B66', 'Sto028', 28, 28, 80, 28, 1455, '2012-01-14', 62),
('T00078', '20028', 'BEDB31ED-B9EB-898C-48B6-70FCC65F7B66', 'Sto028', 78, 28, 80, 28, 884, '0003-01-15', 58),
('T00029', '20029', '9CCF43E9-7A1C-27A9-2711-FD4CF7F6C9C8', 'Sto029', 29, 29, 67, 29, 1345, '0008-10-14', 56),
('T00079', '20029', '9CCF43E9-7A1C-27A9-2711-FD4CF7F6C9C8', 'Sto029', 79, 29, 67, 29, 295, '0004-04-14', 73),
('T00030', '20030', 'A170F0F3-827E-AF55-4BE3-DA10363C2746', 'Sto030', 30, 30, 68, 30, 1112, '0008-11-15', 23),
('T00080', '20030', 'A170F0F3-827E-AF55-4BE3-DA10363C2746', 'Sto030', 80, 30, 68, 30, 160, '0000-00-00', 24),
('T00031', '20031', '0CCB3627-53E1-2030-FC0D-2CD8BD5650AB', 'Sto031', 31, 31, 6, 31, 1345, '0000-00-00', 58),
('T00081', '20031', '0CCB3627-53E1-2030-FC0D-2CD8BD5650AB', 'Sto031', 81, 31, 6, 31, 624, '0000-00-00', 48),
('T00032', '20032', '54F87D68-8441-DF22-5A40-BF6DB831CA59', 'Sto032', 32, 32, 33, 32, 988, '0000-00-00', 44),
('T00082', '20032', '54F87D68-8441-DF22-5A40-BF6DB831CA59', 'Sto032', 82, 32, 33, 32, 355, '2010-09-14', 55),
('T00033', '20033', '72AFA506-4D4A-31D1-3D7D-6DE22B2E5303', 'Sto033', 33, 33, 48, 33, 1000, '0000-00-00', 31),
('T00083', '20033', '72AFA506-4D4A-31D1-3D7D-6DE22B2E5303', 'Sto033', 83, 33, 48, 33, 677, '0000-00-00', 78),
('T00034', '20034', 'AE9B33B4-D52E-FA4F-5E96-001E63F95D58', 'Sto034', 34, 34, 73, 34, 999, '0006-06-15', 77),
('T00084', '20034', 'AE9B33B4-D52E-FA4F-5E96-001E63F95D58', 'Sto034', 84, 34, 73, 34, 534, '0009-02-15', 24),
('T00035', '20035', '853AF719-ADB4-9007-1E3F-2A46BC969344', 'Sto035', 35, 35, 56, 35, 3117, '0004-07-15', 55),
('T00085', '20035', '853AF719-ADB4-9007-1E3F-2A46BC969344', 'Sto035', 85, 35, 56, 35, 642, '0004-04-16', 35),
('T00036', '20036', 'BE5902DF-548C-1BFC-5CF7-300B20D8B95B', 'Sto036', 36, 36, 79, 36, 645, '0003-02-14', 22),
('T00086', '20036', 'BE5902DF-548C-1BFC-5CF7-300B20D8B95B', 'Sto036', 86, 36, 79, 36, 534, '0005-07-15', 63),
('T00037', '20037', '96258957-5399-E41D-859C-FD462F44B4B8', 'Sto037', 37, 37, 64, 37, 353, '0000-00-00', 77),
('T00087', '20037', '96258957-5399-E41D-859C-FD462F44B4B8', 'Sto037', 87, 37, 64, 37, 423, '0000-00-00', 28),
('T00038', '20038', '1998C03F-FB91-19CC-9B79-F66A7BE64AB6', 'Sto038', 38, 38, 11, 38, 623, '2011-09-15', 60),
('T00088', '20038', '1998C03F-FB91-19CC-9B79-F66A7BE64AB6', 'Sto038', 88, 38, 11, 38, 523, '0000-00-00', 23),
('T00039', '20039', '830B3713-2B8C-A2A5-27F1-75B258114BA6', 'Sto039', 39, 39, 54, 39, 423, '2010-08-14', 74),
('T00089', '20039', '830B3713-2B8C-A2A5-27F1-75B258114BA6', 'Sto039', 89, 39, 54, 39, 234, '0000-00-00', 47),
('T00040', '20040', '15D77422-583E-D436-6DBA-73CF88837BD1', 'Sto040', 40, 40, 10, 40, 532, '0007-12-15', 60),
('T00090', '20040', '15D77422-583E-D436-6DBA-73CF88837BD1', 'Sto040', 90, 40, 10, 40, 235, '0000-00-00', 47),
('T00041', '20041', '692BD68F-06AA-91E1-AE28-9768007F59D5', 'Sto041', 41, 41, 45, 41, 743, '0000-00-00', 75),
('T00091', '20041', '692BD68F-06AA-91E1-AE28-9768007F59D5', 'Sto041', 91, 41, 45, 41, 171, '0002-04-14', 29),
('T00042', '20042', '80C2C12F-2053-E31B-ABBD-49D9A8456BE7', 'Sto042', 42, 42, 52, 42, 543, '0000-00-00', 55),
('T00092', '20042', '80C2C12F-2053-E31B-ABBD-49D9A8456BE7', 'Sto042', 92, 42, 52, 42, 523, '0009-04-15', 73),
('T00043', '20043', 'C8290721-66B8-5829-C726-593B5BBF3D8B', 'Sto043', 43, 43, 85, 43, 665, '0000-00-00', 52),
('T00093', '20043', 'C8290721-66B8-5829-C726-593B5BBF3D8B', 'Sto043', 93, 43, 85, 43, 123, '0000-00-00', 47),
('T00044', '20044', '599A23E9-A7FE-D80B-B534-0665D703D7FC', 'Sto044', 44, 44, 36, 44, 452, '2010-02-16', 34),
('T00094', '20044', '599A23E9-A7FE-D80B-B534-0665D703D7FC', 'Sto044', 94, 44, 36, 44, 1038, '0001-12-15', 76),
('T00045', '20045', '716E6A8D-A347-FAD8-3D52-E5688E528F56', 'Sto045', 45, 45, 47, 45, 623, '0008-07-14', 60),
('T00095', '20045', '716E6A8D-A347-FAD8-3D52-E5688E528F56', 'Sto045', 95, 45, 47, 45, 1938, '0000-00-00', 40),
('T00046', '20046', '7933D980-E76D-5800-A499-C45A59954A56', 'Sto046', 46, 46, 49, 46, 765, '0009-03-14', 50),
('T00096', '20046', '7933D980-E76D-5800-A499-C45A59954A56', 'Sto046', 96, 46, 49, 46, 1847, '0008-10-15', 45),
('T00047', '20047', '959DC987-BEC3-E7D2-06EB-07DC2E07D3AB', 'Sto047', 47, 47, 63, 47, 711, '0000-00-00', 75),
('T00097', '20047', '959DC987-BEC3-E7D2-06EB-07DC2E07D3AB', 'Sto047', 97, 47, 63, 47, 998, '0000-00-00', 67),
('T00048', '20048', '873ACEFF-D430-F193-57E0-A27AE1CC37E9', 'Sto048', 48, 48, 57, 48, 727, '0000-00-00', 62),
('T00098', '20048', '873ACEFF-D430-F193-57E0-A27AE1CC37E9', 'Sto048', 98, 48, 57, 48, 939, '0000-00-00', 75),
('T00049', '20049', '285509DB-7748-E830-8E9C-45D2CF482555', 'Sto049', 49, 49, 15, 49, 643, '0000-00-00', 57),
('T00099', '20049', '285509DB-7748-E830-8E9C-45D2CF482555', 'Sto049', 99, 49, 15, 49, 838, '0000-00-00', 21),
('T00050', '20050', '5FF09092-58BB-6DB5-BFC4-10832477FF7E', 'Sto050', 50, 50, 41, 50, 773, '0007-06-16', 40),
('T00100', '20050', '5FF09092-58BB-6DB5-BFC4-10832477FF7E', 'Sto050', 100, 50, 41, 50, 938, '0008-08-16', 78);

-- --------------------------------------------------------

--
-- 資料表結構 `sells`
--

CREATE TABLE `sells` (
  `SerialNo` varchar(50) NOT NULL,
  `RetailerID` varchar(50) NOT NULL
) ENGINE=InnoDB DEFAULT CHARSET=latin1;

--
-- 資料表的匯出資料 `sells`
--

INSERT INTO `sells` (`SerialNo`, `RetailerID`) VALUES
('20001', 'Ret01'),
('20001', 'Ret02'),
('20002', 'Ret01'),
('20002', 'Ret02'),
('20003', 'Ret01'),
('20003', 'Ret02'),
('20004', 'Ret01'),
('20004', 'Ret02'),
('20005', 'Ret01'),
('20005', 'Ret02'),
('20006', 'Ret01'),
('20006', 'Ret02'),
('20007', 'Ret01'),
('20007', 'Ret02'),
('20008', 'Ret01'),
('20008', 'Ret02'),
('20009', 'Ret01'),
('20009', 'Ret02'),
('20010', 'Ret01'),
('20010', 'Ret02'),
('20011', 'Ret01'),
('20011', 'Ret02'),
('20012', 'Ret01'),
('20012', 'Ret02'),
('20013', 'Ret01'),
('20013', 'Ret02'),
('20014', 'Ret01'),
('20014', 'Ret02'),
('20015', 'Ret01'),
('20015', 'Ret02'),
('20016', 'Ret01'),
('20016', 'Ret02'),
('20017', 'Ret01'),
('20017', 'Ret02'),
('20018', 'Ret01'),
('20018', 'Ret02'),
('20019', 'Ret01'),
('20019', 'Ret02'),
('20020', 'Ret01'),
('20020', 'Ret02'),
('20021', 'Ret01'),
('20021', 'Ret02'),
('20022', 'Ret01'),
('20022', 'Ret02'),
('20023', 'Ret01'),
('20023', 'Ret02'),
('20024', 'Ret01'),
('20024', 'Ret02'),
('20025', 'Ret01'),
('20025', 'Ret02'),
('20026', 'Ret01'),
('20026', 'Ret02'),
('20027', 'Ret01'),
('20027', 'Ret02'),
('20028', 'Ret01'),
('20028', 'Ret02'),
('20029', 'Ret01'),
('20029', 'Ret02'),
('20030', 'Ret01'),
('20030', 'Ret02'),
('20031', 'Ret01'),
('20031', 'Ret02'),
('20032', 'Ret01'),
('20032', 'Ret02'),
('20033', 'Ret01'),
('20033', 'Ret02'),
('20034', 'Ret01'),
('20034', 'Ret02'),
('20035', 'Ret01'),
('20035', 'Ret02'),
('20036', 'Ret01'),
('20036', 'Ret02'),
('20037', 'Ret01'),
('20037', 'Ret02'),
('20038', 'Ret01'),
('20038', 'Ret02'),
('20039', 'Ret01'),
('20039', 'Ret02'),
('20040', 'Ret01'),
('20040', 'Ret02'),
('20041', 'Ret01'),
('20041', 'Ret02'),
('20042', 'Ret01'),
('20042', 'Ret02'),
('20043', 'Ret01'),
('20043', 'Ret02'),
('20044', 'Ret01'),
('20044', 'Ret02'),
('20045', 'Ret01'),
('20045', 'Ret02'),
('20046', 'Ret01'),
('20046', 'Ret02'),
('20047', 'Ret01'),
('20047', 'Ret02'),
('20048', 'Ret01'),
('20048', 'Ret02'),
('20049', 'Ret01'),
('20049', 'Ret02'),
('20050', 'Ret01'),
('20050', 'Ret02'),
('20051', 'Ret01'),
('20051', 'Ret02'),
('20052', 'Ret01'),
('20052', 'Ret02'),
('20053', 'Ret01'),
('20053', 'Ret02'),
('20054', 'Ret01'),
('20054', 'Ret02'),
('20055', 'Ret01'),
('20055', 'Ret02'),
('20056', 'Ret01'),
('20056', 'Ret02'),
('20057', 'Ret01'),
('20057', 'Ret02'),
('20058', 'Ret01'),
('20058', 'Ret02'),
('20059', 'Ret01'),
('20059', 'Ret02'),
('20060', 'Ret01'),
('20060', 'Ret02'),
('20061', 'Ret01'),
('20061', 'Ret02'),
('20062', 'Ret01'),
('20062', 'Ret02'),
('20063', 'Ret01'),
('20063', 'Ret02'),
('20064', 'Ret01'),
('20064', 'Ret02'),
('20065', 'Ret01'),
('20065', 'Ret02'),
('20066', 'Ret01'),
('20066', 'Ret02'),
('20067', 'Ret01'),
('20067', 'Ret02'),
('20068', 'Ret01'),
('20068', 'Ret02'),
('20069', 'Ret01'),
('20069', 'Ret02'),
('20070', 'Ret01'),
('20070', 'Ret02'),
('20071', 'Ret01'),
('20071', 'Ret02'),
('20072', 'Ret01'),
('20072', 'Ret02'),
('20073', 'Ret01'),
('20073', 'Ret02'),
('20074', 'Ret01'),
('20074', 'Ret02'),
('20075', 'Ret01'),
('20075', 'Ret02'),
('20076', 'Ret01'),
('20076', 'Ret02'),
('20077', 'Ret01'),
('20077', 'Ret02'),
('20078', 'Ret01'),
('20078', 'Ret02'),
('20079', 'Ret01'),
('20079', 'Ret02'),
('20080', 'Ret01'),
('20080', 'Ret02'),
('20081', 'Ret01'),
('20081', 'Ret02'),
('20082', 'Ret01'),
('20082', 'Ret02'),
('20083', 'Ret01'),
('20083', 'Ret02'),
('20084', 'Ret01'),
('20084', 'Ret02'),
('20085', 'Ret01'),
('20085', 'Ret02'),
('20086', 'Ret01'),
('20086', 'Ret02'),
('20087', 'Ret01'),
('20087', 'Ret02'),
('20088', 'Ret01'),
('20088', 'Ret02'),
('20089', 'Ret01'),
('20089', 'Ret02'),
('20090', 'Ret01'),
('20090', 'Ret02'),
('20091', 'Ret01'),
('20091', 'Ret02'),
('20092', 'Ret01'),
('20092', 'Ret02'),
('20093', 'Ret01'),
('20093', 'Ret02'),
('20094', 'Ret01'),
('20094', 'Ret02'),
('20095', 'Ret01'),
('20095', 'Ret02'),
('20096', 'Ret01'),
('20096', 'Ret02'),
('20097', 'Ret01'),
('20097', 'Ret02'),
('20098', 'Ret01'),
('20098', 'Ret02'),
('20099', 'Ret01'),
('20099', 'Ret02'),
('20100', 'Ret01'),
('20100', 'Ret02');

-- --------------------------------------------------------

--
-- 資料表結構 `storage`
--

CREATE TABLE `storage` (
  `DeviceType` varchar(50) NOT NULL,
  `Size` int(11) NOT NULL,
  `StorageSerial` varchar(50) NOT NULL,
  `SerialNo` varchar(50) NOT NULL
) ENGINE=InnoDB DEFAULT CHARSET=latin1;

--
-- 資料表的匯出資料 `storage`
--

INSERT INTO `storage` (`DeviceType`, `Size`, `StorageSerial`, `SerialNo`) VALUES
('Solid State', 256, 'Sto001', '20001'),
('Solid State', 512, 'Sto002', '20002'),
('Solid State', 512, 'Sto003', '20003'),
('Solid State', 512, 'Sto004', '20004'),
('Solid State', 512, 'Sto005', '20005'),
('Solid State', 256, 'Sto006', '20006'),
('Solid State', 128, 'Sto007', '20007'),
('Solid State', 256, 'Sto008', '20008'),
('Solid State', 128, 'Sto009', '20009'),
('Solid State', 256, 'Sto010', '20010'),
('Solid State', 512, 'Sto011', '20011'),
('Solid State', 512, 'Sto012', '20012'),
('Solid State', 512, 'Sto013', '20013'),
('Solid State', 512, 'Sto014', '20014'),
('Solid State', 512, 'Sto015', '20015'),
('Solid State', 512, 'Sto016', '20016'),
('Solid State', 512, 'Sto017', '20017'),
('Solid State', 512, 'Sto018', '20018'),
('Solid State', 512, 'Sto019', '20019'),
('Solid State', 512, 'Sto020', '20020'),
('Solid State', 512, 'Sto021', '20021'),
('Solid State', 512, 'Sto022', '20022'),
('Solid State', 512, 'Sto023', '20023'),
('Solid State', 512, 'Sto024', '20024'),
('Solid State', 512, 'Sto025', '20025'),
('Solid State', 512, 'Sto026', '20026'),
('Solid State', 512, 'Sto027', '20027'),
('Solid State', 512, 'Sto028', '20028'),
('Solid State', 512, 'Sto029', '20029'),
('Solid State', 512, 'Sto030', '20030'),
('Solid State', 512, 'Sto031', '20031'),
('Solid State', 512, 'Sto032', '20032'),
('Solid State', 512, 'Sto033', '20033'),
('Solid State', 512, 'Sto034', '20034'),
('Regular', 512, 'Sto035', '20035'),
('Regular', 1024, 'Sto036', '20036'),
('Regular', 512, 'Sto037', '20037'),
('Regular', 1024, 'Sto038', '20038'),
('Regular', 1024, 'Sto039', '20039'),
('Regular', 1024, 'Sto040', '20040'),
('Regular', 1024, 'Sto041', '20041'),
('Regular', 1024, 'Sto042', '20042'),
('Regular', 1024, 'Sto043', '20043'),
('Regular', 1024, 'Sto044', '20044'),
('Regular', 1024, 'Sto045', '20045'),
('Regular', 1024, 'Sto046', '20046'),
('Regular', 1024, 'Sto047', '20047'),
('Regular', 1024, 'Sto048', '20048'),
('Regular', 512, 'Sto049', '20049'),
('Regular', 512, 'Sto050', '20050'),
('Regular', 512, 'Sto051', '20051'),
('Regular', 512, 'Sto052', '20052'),
('Regular', 512, 'Sto053', '20053'),
('Regular', 512, 'Sto054', '20054'),
('Regular', 512, 'Sto055', '20055'),
('Regular', 512, 'Sto056', '20056'),
('Solid State', 512, 'Sto057', '20057'),
('Solid State', 512, 'Sto058', '20058'),
('Solid State', 512, 'Sto059', '20059'),
('Solid State', 512, 'Sto060', '20060'),
('Solid State', 512, 'Sto061', '20061'),
('Solid State', 512, 'Sto062', '20062'),
('Solid State', 128, 'Sto063', '20063'),
('Solid State', 128, 'Sto064', '20064'),
('Solid State', 128, 'Sto065', '20065'),
('Solid State', 128, 'Sto066', '20066'),
('Solid State', 128, 'Sto067', '20067'),
('Solid State', 128, 'Sto068', '20068'),
('Solid State', 128, 'Sto069', '20069'),
('Solid State', 512, 'Sto070', '20070'),
('Solid State', 512, 'Sto071', '20071'),
('Solid State', 512, 'Sto072', '20072'),
('Solid State', 128, 'Sto073', '20073'),
('Solid State', 128, 'Sto074', '20074'),
('Solid State', 128, 'Sto075', '20075'),
('Regular', 512, 'Sto076', '20076'),
('Regular', 512, 'Sto077', '20077'),
('Regular', 512, 'Sto078', '20078'),
('Regular', 512, 'Sto079', '20079'),
('Regular', 512, 'Sto080', '20080'),
('Regular', 512, 'Sto081', '20081'),
('Regular', 512, 'Sto082', '20082'),
('Regular', 512, 'Sto083', '20083'),
('Regular', 512, 'Sto084', '20084'),
('Regular', 512, 'Sto085', '20085'),
('Regular', 512, 'Sto086', '20086'),
('Regular', 512, 'Sto087', '20087'),
('Regular', 512, 'Sto088', '20088'),
('Regular', 512, 'Sto089', '20089'),
('Regular', 512, 'Sto090', '20090'),
('Regular', 512, 'Sto091', '20091'),
('Regular', 512, 'Sto092', '20092'),
('Regular', 512, 'Sto093', '20093'),
('Solid State', 512, 'Sto094', '20094'),
('Solid State', 512, 'Sto095', '20095'),
('Solid State', 512, 'Sto096', '20096'),
('Solid State', 128, 'Sto097', '20097'),
('Solid State', 128, 'Sto098', '20098'),
('Solid State', 128, 'Sto099', '20099'),
('Solid State', 128, 'Sto100', '20100');

-- --------------------------------------------------------

--
-- 資料表結構 `StorageD`
--

CREATE TABLE `StorageD` (
  `StorageSerial` varchar(50) NOT NULL,
  `DeviceType` varchar(50) NOT NULL,
  `Size` int(11) NOT NULL,
  `StorageKey` int(10) UNSIGNED NOT NULL
) ENGINE=InnoDB DEFAULT CHARSET=latin1;

--
-- 資料表的匯出資料 `StorageD`
--

INSERT INTO `StorageD` (`StorageSerial`, `DeviceType`, `Size`, `StorageKey`) VALUES
('Sto001', 'Solid State', 256, 1),
('Sto002', 'Solid State', 512, 2),
('Sto003', 'Solid State', 512, 3),
('Sto004', 'Solid State', 512, 4),
('Sto005', 'Solid State', 512, 5),
('Sto006', 'Solid State', 256, 6),
('Sto007', 'Solid State', 128, 7),
('Sto008', 'Solid State', 256, 8),
('Sto009', 'Solid State', 128, 9),
('Sto010', 'Solid State', 256, 10),
('Sto011', 'Solid State', 512, 11),
('Sto012', 'Solid State', 512, 12),
('Sto013', 'Solid State', 512, 13),
('Sto014', 'Solid State', 512, 14),
('Sto015', 'Solid State', 512, 15),
('Sto016', 'Solid State', 512, 16),
('Sto017', 'Solid State', 512, 17),
('Sto018', 'Solid State', 512, 18),
('Sto019', 'Solid State', 512, 19),
('Sto020', 'Solid State', 512, 20),
('Sto021', 'Solid State', 512, 21),
('Sto022', 'Solid State', 512, 22),
('Sto023', 'Solid State', 512, 23),
('Sto024', 'Solid State', 512, 24),
('Sto025', 'Solid State', 512, 25),
('Sto026', 'Solid State', 512, 26),
('Sto027', 'Solid State', 512, 27),
('Sto028', 'Solid State', 512, 28),
('Sto029', 'Solid State', 512, 29),
('Sto030', 'Solid State', 512, 30),
('Sto031', 'Solid State', 512, 31),
('Sto032', 'Solid State', 512, 32),
('Sto033', 'Solid State', 512, 33),
('Sto034', 'Solid State', 512, 34),
('Sto035', 'Regular', 512, 35),
('Sto036', 'Regular', 1024, 36),
('Sto037', 'Regular', 512, 37),
('Sto038', 'Regular', 1024, 38),
('Sto039', 'Regular', 1024, 39),
('Sto040', 'Regular', 1024, 40),
('Sto041', 'Regular', 1024, 41),
('Sto042', 'Regular', 1024, 42),
('Sto043', 'Regular', 1024, 43),
('Sto044', 'Regular', 1024, 44),
('Sto045', 'Regular', 1024, 45),
('Sto046', 'Regular', 1024, 46),
('Sto047', 'Regular', 1024, 47),
('Sto048', 'Regular', 1024, 48),
('Sto049', 'Regular', 512, 49),
('Sto050', 'Regular', 512, 50),
('Sto051', 'Regular', 512, 51),
('Sto052', 'Regular', 512, 52),
('Sto053', 'Regular', 512, 53),
('Sto054', 'Regular', 512, 54),
('Sto055', 'Regular', 512, 55),
('Sto056', 'Regular', 512, 56),
('Sto057', 'Solid State', 512, 57),
('Sto058', 'Solid State', 512, 58),
('Sto059', 'Solid State', 512, 59),
('Sto060', 'Solid State', 512, 60),
('Sto061', 'Solid State', 512, 61),
('Sto062', 'Solid State', 512, 62),
('Sto063', 'Solid State', 128, 63),
('Sto064', 'Solid State', 128, 64),
('Sto065', 'Solid State', 128, 65),
('Sto066', 'Solid State', 128, 66),
('Sto067', 'Solid State', 128, 67),
('Sto068', 'Solid State', 128, 68),
('Sto069', 'Solid State', 128, 69),
('Sto070', 'Solid State', 512, 70),
('Sto071', 'Solid State', 512, 71),
('Sto072', 'Solid State', 512, 72),
('Sto073', 'Solid State', 128, 73),
('Sto074', 'Solid State', 128, 74),
('Sto075', 'Solid State', 128, 75),
('Sto076', 'Regular', 512, 76),
('Sto077', 'Regular', 512, 77),
('Sto078', 'Regular', 512, 78),
('Sto079', 'Regular', 512, 79),
('Sto080', 'Regular', 512, 80),
('Sto081', 'Regular', 512, 81),
('Sto082', 'Regular', 512, 82),
('Sto083', 'Regular', 512, 83),
('Sto084', 'Regular', 512, 84),
('Sto085', 'Regular', 512, 85),
('Sto086', 'Regular', 512, 86),
('Sto087', 'Regular', 512, 87),
('Sto088', 'Regular', 512, 88),
('Sto089', 'Regular', 512, 89),
('Sto090', 'Regular', 512, 90),
('Sto091', 'Regular', 512, 91),
('Sto092', 'Regular', 512, 92),
('Sto093', 'Regular', 512, 93),
('Sto094', 'Solid State', 512, 94),
('Sto095', 'Solid State', 512, 95),
('Sto096', 'Solid State', 512, 96),
('Sto097', 'Solid State', 128, 97),
('Sto098', 'Solid State', 128, 98),
('Sto099', 'Solid State', 128, 99),
('Sto100', 'Solid State', 128, 100);

-- --------------------------------------------------------

--
-- 資料表結構 `transaction`
--

CREATE TABLE `transaction` (
  `ID` varchar(50) NOT NULL,
  `Invoice` int(11) NOT NULL,
  `DaySold` date NOT NULL,
  `Deposit` int(11) DEFAULT NULL,
  `PriceSold` int(11) NOT NULL,
  `RetailerID` varchar(50) NOT NULL,
  `SerialNo` varchar(50) NOT NULL
) ENGINE=InnoDB DEFAULT CHARSET=latin1;

--
-- 資料表的匯出資料 `transaction`
--

INSERT INTO `transaction` (`ID`, `Invoice`, `DaySold`, `Deposit`, `PriceSold`, `RetailerID`, `SerialNo`) VALUES
('T00001', 4491, '2014-07-24', 33, 999, 'Ret01', '20001'),
('T00002', 4025, '2014-07-11', 61, 1276, 'Ret01', '20002'),
('T00003', 3776, '2014-06-11', 65, 1456, 'Ret01', '20003'),
('T00004', 2228, '2015-09-08', 40, 1111, 'Ret01', '20004'),
('T00005', 4819, '2015-03-19', 39, 1223, 'Ret01', '20005'),
('T00006', 4882, '2015-12-05', 23, 898, 'Ret01', '20006'),
('T00007', 2253, '2014-05-19', 74, 768, 'Ret01', '20007'),
('T00008', 2160, '2014-07-12', 58, 989, 'Ret01', '20008'),
('T00009', 2544, '2014-09-03', 77, 794, 'Ret01', '20009'),
('T00010', 2209, '2015-03-10', 56, 984, 'Ret01', '20010'),
('T00011', 3758, '2015-01-30', 40, 1034, 'Ret01', '20011'),
('T00012', 2462, '2015-11-24', 59, 1145, 'Ret01', '20012'),
('T00013', 2618, '2015-12-31', 45, 1167, 'Ret01', '20013'),
('T00014', 2812, '2014-03-21', 70, 1568, 'Ret01', '20014'),
('T00015', 2369, '2014-05-18', 70, 1770, 'Ret01', '20015'),
('T00016', 3371, '2016-07-03', 70, 1345, 'Ret01', '20016'),
('T00017', 2707, '2016-06-13', 45, 1332, 'Ret01', '20017'),
('T00018', 4882, '2014-05-16', 36, 1356, 'Ret01', '20018'),
('T00019', 4986, '2014-11-14', 46, 1678, 'Ret01', '20019'),
('T00020', 4756, '2015-04-06', 77, 1456, 'Ret01', '20020'),
('T00021', 2938, '2015-09-13', 36, 1234, 'Ret01', '20021'),
('T00022', 4332, '2014-09-14', 22, 1098, 'Ret01', '20022'),
('T00023', 4519, '2014-05-05', 26, 1074, 'Ret01', '20023'),
('T00024', 4722, '2014-07-10', 25, 1077, 'Ret01', '20024'),
('T00025', 4824, '2015-12-17', 32, 1574, 'Ret01', '20025'),
('T00026', 4822, '2015-04-24', 31, 1387, 'Ret01', '20026'),
('T00027', 4966, '2014-11-24', 64, 1957, 'Ret01', '20027'),
('T00028', 2777, '2014-12-01', 62, 1455, 'Ret01', '20028'),
('T00029', 2175, '2014-08-10', 56, 1345, 'Ret01', '20029'),
('T00030', 2809, '2015-08-11', 23, 1112, 'Ret01', '20030'),
('T00031', 4550, '2014-09-16', 58, 1345, 'Ret01', '20031'),
('T00032', 4320, '2015-10-27', 44, 988, 'Ret01', '20032'),
('T00033', 4538, '2014-05-19', 31, 1000, 'Ret01', '20033'),
('T00034', 3750, '2015-06-06', 77, 999, 'Ret01', '20034'),
('T00035', 3946, '2015-04-07', 55, 3117, 'Ret01', '20035'),
('T00036', 4174, '2014-03-02', 22, 645, 'Ret01', '20036'),
('T00037', 3774, '2015-02-14', 77, 353, 'Ret01', '20037'),
('T00038', 3908, '2015-11-09', 60, 623, 'Ret01', '20038'),
('T00039', 4003, '2014-10-08', 74, 423, 'Ret01', '20039'),
('T00040', 3460, '2015-07-12', 60, 532, 'Ret01', '20040'),
('T00041', 4534, '2016-01-14', 75, 743, 'Ret01', '20041'),
('T00042', 3624, '2015-02-18', 55, 543, 'Ret01', '20042'),
('T00043', 2821, '2014-01-18', 52, 665, 'Ret01', '20043'),
('T00044', 3321, '2016-10-02', 34, 452, 'Ret01', '20044'),
('T00045', 2170, '2014-08-07', 60, 623, 'Ret01', '20045'),
('T00046', 3479, '2014-09-03', 50, 765, 'Ret01', '20046'),
('T00047', 2984, '2013-12-31', 75, 711, 'Ret01', '20047'),
('T00048', 3474, '2014-09-24', 62, 727, 'Ret01', '20048'),
('T00049', 3902, '2016-06-20', 57, 643, 'Ret01', '20049'),
('T00050', 2133, '2016-07-06', 40, 773, 'Ret01', '20050'),
('T00051', 2628, '2014-04-08', 57, 753, 'Ret02', '20001'),
('T00052', 3992, '2014-06-26', 26, 793, 'Ret02', '20002'),
('T00053', 4401, '2016-08-18', 33, 789, 'Ret02', '20003'),
('T00054', 2201, '2015-10-16', 69, 777, 'Ret02', '20004'),
('T00055', 3206, '2016-03-08', 56, 790, 'Ret02', '20005'),
('T00056', 4788, '2016-07-21', 60, 798, 'Ret02', '20006'),
('T00057', 4333, '2014-09-19', 22, 2098, 'Ret02', '20007'),
('T00058', 2231, '2014-09-06', 24, 2810, 'Ret02', '20008'),
('T00059', 2069, '2015-05-02', 46, 1345, 'Ret02', '20009'),
('T00060', 3192, '2015-09-01', 52, 1365, 'Ret02', '20010'),
('T00061', 3729, '2014-03-03', 64, 3131, 'Ret02', '20011'),
('T00062', 2333, '2016-01-20', 46, 1660, 'Ret02', '20012'),
('T00063', 2577, '2016-03-15', 53, 909, 'Ret02', '20013'),
('T00064', 4055, '2016-10-19', 22, 989, 'Ret02', '20014'),
('T00065', 3124, '2016-08-07', 49, 967, 'Ret02', '20015'),
('T00066', 3105, '2015-06-15', 20, 900, 'Ret02', '20016'),
('T00067', 3126, '2016-06-06', 55, 994, 'Ret02', '20017'),
('T00068', 2447, '2015-03-08', 35, 948, 'Ret02', '20018'),
('T00069', 3851, '2015-06-12', 36, 848, 'Ret02', '20019'),
('T00070', 2642, '2013-12-14', 60, 1094, 'Ret02', '20020'),
('T00071', 3271, '2016-08-26', 48, 1098, 'Ret02', '20021'),
('T00072', 4941, '2015-10-02', 33, 1857, 'Ret02', '20022'),
('T00073', 4158, '2015-08-02', 23, 890, 'Ret02', '20023'),
('T00074', 2429, '2014-06-08', 78, 888, 'Ret02', '20024'),
('T00075', 2548, '2014-12-02', 46, 789, 'Ret02', '20025'),
('T00076', 4288, '2014-09-24', 30, 481, 'Ret02', '20026'),
('T00077', 3250, '2015-02-05', 50, 234, 'Ret02', '20027'),
('T00078', 2000, '2015-03-01', 58, 884, 'Ret02', '20028'),
('T00079', 2522, '2014-04-04', 73, 295, 'Ret02', '20029'),
('T00080', 3296, '2014-06-24', 24, 160, 'Ret02', '20030'),
('T00081', 3258, '2015-12-17', 48, 624, 'Ret02', '20031'),
('T00082', 4825, '2014-10-09', 55, 355, 'Ret02', '20032'),
('T00083', 2596, '2013-12-26', 78, 677, 'Ret02', '20033'),
('T00084', 2181, '2015-09-02', 24, 534, 'Ret02', '20034'),
('T00085', 3828, '2016-04-04', 35, 642, 'Ret02', '20035'),
('T00086', 2331, '2015-05-07', 63, 534, 'Ret02', '20036'),
('T00087', 4831, '2016-08-21', 28, 423, 'Ret02', '20037'),
('T00088', 4277, '2014-11-19', 23, 523, 'Ret02', '20038'),
('T00089', 4877, '2015-07-22', 47, 234, 'Ret02', '20039'),
('T00090', 3581, '2016-05-20', 47, 235, 'Ret02', '20040'),
('T00091', 2504, '2014-02-04', 29, 171, 'Ret02', '20041'),
('T00092', 3031, '2015-09-04', 73, 523, 'Ret02', '20042'),
('T00093', 3928, '2014-11-25', 47, 123, 'Ret02', '20043'),
('T00094', 2165, '2015-01-12', 76, 1038, 'Ret02', '20044'),
('T00095', 2143, '2016-08-13', 40, 1938, 'Ret02', '20045'),
('T00096', 2820, '2015-08-10', 45, 1847, 'Ret02', '20046'),
('T00097', 2467, '2014-12-19', 67, 998, 'Ret02', '20047'),
('T00098', 2681, '2014-07-21', 75, 939, 'Ret02', '20048'),
('T00099', 3092, '2014-05-24', 21, 838, 'Ret02', '20049'),
('T00100', 2991, '2016-08-08', 78, 938, 'Ret02', '20050');

-- --------------------------------------------------------

--
-- 資料表結構 `TransactionD`
--

CREATE TABLE `TransactionD` (
  `ID` varchar(50) NOT NULL,
  `Deposit` int(11) DEFAULT NULL,
  `DaySold` date NOT NULL,
  `TransactionKey` int(10) UNSIGNED NOT NULL
) ENGINE=InnoDB DEFAULT CHARSET=latin1;

--
-- 資料表的匯出資料 `TransactionD`
--

INSERT INTO `TransactionD` (`ID`, `Deposit`, `DaySold`, `TransactionKey`) VALUES
('T00001', 33, '2014-07-24', 1),
('T00002', 61, '2014-07-11', 2),
('T00003', 65, '2014-06-11', 3),
('T00004', 40, '2015-09-08', 4),
('T00005', 39, '2015-03-19', 5),
('T00006', 23, '2015-12-05', 6),
('T00007', 74, '2014-05-19', 7),
('T00008', 58, '2014-07-12', 8),
('T00009', 77, '2014-09-03', 9),
('T00010', 56, '2015-03-10', 10),
('T00011', 40, '2015-01-30', 11),
('T00012', 59, '2015-11-24', 12),
('T00013', 45, '2015-12-31', 13),
('T00014', 70, '2014-03-21', 14),
('T00015', 70, '2014-05-18', 15),
('T00016', 70, '2016-07-03', 16),
('T00017', 45, '2016-06-13', 17),
('T00018', 36, '2014-05-16', 18),
('T00019', 46, '2014-11-14', 19),
('T00020', 77, '2015-04-06', 20),
('T00021', 36, '2015-09-13', 21),
('T00022', 22, '2014-09-14', 22),
('T00023', 26, '2014-05-05', 23),
('T00024', 25, '2014-07-10', 24),
('T00025', 32, '2015-12-17', 25),
('T00026', 31, '2015-04-24', 26),
('T00027', 64, '2014-11-24', 27),
('T00028', 62, '2014-12-01', 28),
('T00029', 56, '2014-08-10', 29),
('T00030', 23, '2015-08-11', 30),
('T00031', 58, '2014-09-16', 31),
('T00032', 44, '2015-10-27', 32),
('T00033', 31, '2014-05-19', 33),
('T00034', 77, '2015-06-06', 34),
('T00035', 55, '2015-04-07', 35),
('T00036', 22, '2014-03-02', 36),
('T00037', 77, '2015-02-14', 37),
('T00038', 60, '2015-11-09', 38),
('T00039', 74, '2014-10-08', 39),
('T00040', 60, '2015-07-12', 40),
('T00041', 75, '2016-01-14', 41),
('T00042', 55, '2015-02-18', 42),
('T00043', 52, '2014-01-18', 43),
('T00044', 34, '2016-10-02', 44),
('T00045', 60, '2014-08-07', 45),
('T00046', 50, '2014-09-03', 46),
('T00047', 75, '2013-12-31', 47),
('T00048', 62, '2014-09-24', 48),
('T00049', 57, '2016-06-20', 49),
('T00050', 40, '2016-07-06', 50),
('T00051', 57, '2014-04-08', 51),
('T00052', 26, '2014-06-26', 52),
('T00053', 33, '2016-08-18', 53),
('T00054', 69, '2015-10-16', 54),
('T00055', 56, '2016-03-08', 55),
('T00056', 60, '2016-07-21', 56),
('T00057', 22, '2014-09-19', 57),
('T00058', 24, '2014-09-06', 58),
('T00059', 46, '2015-05-02', 59),
('T00060', 52, '2015-09-01', 60),
('T00061', 64, '2014-03-03', 61),
('T00062', 46, '2016-01-20', 62),
('T00063', 53, '2016-03-15', 63),
('T00064', 22, '2016-10-19', 64),
('T00065', 49, '2016-08-07', 65),
('T00066', 20, '2015-06-15', 66),
('T00067', 55, '2016-06-06', 67),
('T00068', 35, '2015-03-08', 68),
('T00069', 36, '2015-06-12', 69),
('T00070', 60, '2013-12-14', 70),
('T00071', 48, '2016-08-26', 71),
('T00072', 33, '2015-10-02', 72),
('T00073', 23, '2015-08-02', 73),
('T00074', 78, '2014-06-08', 74),
('T00075', 46, '2014-12-02', 75),
('T00076', 30, '2014-09-24', 76),
('T00077', 50, '2015-02-05', 77),
('T00078', 58, '2015-03-01', 78),
('T00079', 73, '2014-04-04', 79),
('T00080', 24, '2014-06-24', 80),
('T00081', 48, '2015-12-17', 81),
('T00082', 55, '2014-10-09', 82),
('T00083', 78, '2013-12-26', 83),
('T00084', 24, '2015-09-02', 84),
('T00085', 35, '2016-04-04', 85),
('T00086', 63, '2015-05-07', 86),
('T00087', 28, '2016-08-21', 87),
('T00088', 23, '2014-11-19', 88),
('T00089', 47, '2015-07-22', 89),
('T00090', 47, '2016-05-20', 90),
('T00091', 29, '2014-02-04', 91),
('T00092', 73, '2015-09-04', 92),
('T00093', 47, '2014-11-25', 93),
('T00094', 76, '2015-01-12', 94),
('T00095', 40, '2016-08-13', 95),
('T00096', 45, '2015-08-10', 96),
('T00097', 67, '2014-12-19', 97),
('T00098', 75, '2014-07-21', 98),
('T00099', 21, '2014-05-24', 99),
('T00100', 78, '2016-08-08', 100);

--
-- 已匯出資料表的索引
--

--
-- 資料表索引 `address`
--
ALTER TABLE `address`
  ADD PRIMARY KEY (`AddressID`),
  ADD KEY `RetailerID` (`RetailerID`),
  ADD KEY `InventoryID` (`InventoryID`);

--
-- 資料表索引 `addressphone`
--
ALTER TABLE `addressphone`
  ADD PRIMARY KEY (`PhoneNumber`,`AddressID`),
  ADD KEY `AddressID` (`AddressID`);

--
-- 資料表索引 `computer`
--
ALTER TABLE `computer`
  ADD PRIMARY KEY (`SerialNo`),
  ADD KEY `InventoryID` (`InventoryID`);

--
-- 資料表索引 `ComputerD`
--
ALTER TABLE `ComputerD`
  ADD PRIMARY KEY (`ComputerKey`);

--
-- 資料表索引 `computermanu`
--
ALTER TABLE `computermanu`
  ADD PRIMARY KEY (`InventoryID`);

--
-- 資料表索引 `cpu`
--
ALTER TABLE `cpu`
  ADD PRIMARY KEY (`CPUSerial`),
  ADD KEY `SerialNo` (`SerialNo`);

--
-- 資料表索引 `display`
--
ALTER TABLE `display`
  ADD PRIMARY KEY (`DisplaySerial`),
  ADD KEY `SerialNo` (`SerialNo`);

--
-- 資料表索引 `memory`
--
ALTER TABLE `memory`
  ADD PRIMARY KEY (`MemorySerial`),
  ADD KEY `SerialNo` (`SerialNo`);

--
-- 資料表索引 `MemoryD`
--
ALTER TABLE `MemoryD`
  ADD PRIMARY KEY (`MemoryKey`);

--
-- 資料表索引 `retailer`
--
ALTER TABLE `retailer`
  ADD PRIMARY KEY (`RetailerID`),
  ADD KEY `InventoryID` (`InventoryID`);

--
-- 資料表索引 `sells`
--
ALTER TABLE `sells`
  ADD PRIMARY KEY (`SerialNo`,`RetailerID`),
  ADD KEY `RetailerID` (`RetailerID`);

--
-- 資料表索引 `storage`
--
ALTER TABLE `storage`
  ADD PRIMARY KEY (`StorageSerial`),
  ADD KEY `SerialNo` (`SerialNo`);

--
-- 資料表索引 `StorageD`
--
ALTER TABLE `StorageD`
  ADD PRIMARY KEY (`StorageKey`);

--
-- 資料表索引 `transaction`
--
ALTER TABLE `transaction`
  ADD PRIMARY KEY (`ID`),
  ADD KEY `RetailerID` (`RetailerID`);

--
-- 資料表索引 `TransactionD`
--
ALTER TABLE `TransactionD`
  ADD PRIMARY KEY (`TransactionKey`);

--
-- 在匯出的資料表使用 AUTO_INCREMENT
--

--
-- 使用資料表 AUTO_INCREMENT `ComputerD`
--
ALTER TABLE `ComputerD`
  MODIFY `ComputerKey` int(10) UNSIGNED NOT NULL AUTO_INCREMENT, AUTO_INCREMENT=101;
--
-- 使用資料表 AUTO_INCREMENT `MemoryD`
--
ALTER TABLE `MemoryD`
  MODIFY `MemoryKey` int(10) UNSIGNED NOT NULL AUTO_INCREMENT, AUTO_INCREMENT=101;
--
-- 使用資料表 AUTO_INCREMENT `StorageD`
--
ALTER TABLE `StorageD`
  MODIFY `StorageKey` int(10) UNSIGNED NOT NULL AUTO_INCREMENT, AUTO_INCREMENT=101;
--
-- 使用資料表 AUTO_INCREMENT `TransactionD`
--
ALTER TABLE `TransactionD`
  MODIFY `TransactionKey` int(10) UNSIGNED NOT NULL AUTO_INCREMENT, AUTO_INCREMENT=101;
--
-- 已匯出資料表的限制(Constraint)
--

--
-- 資料表的 Constraints `address`
--
ALTER TABLE `address`
  ADD CONSTRAINT `address_ibfk_1` FOREIGN KEY (`RetailerID`) REFERENCES `retailer` (`RetailerID`),
  ADD CONSTRAINT `address_ibfk_2` FOREIGN KEY (`InventoryID`) REFERENCES `computermanu` (`InventoryID`);

/*!40101 SET CHARACTER_SET_CLIENT=@OLD_CHARACTER_SET_CLIENT */;
/*!40101 SET CHARACTER_SET_RESULTS=@OLD_CHARACTER_SET_RESULTS */;
/*!40101 SET COLLATION_CONNECTION=@OLD_COLLATION_CONNECTION */;
